,순번,년도,모델명,제조사,유종,배기량,복합연비,등급,CO2배출량,소중대/형,평균주행거리,세금,보험료(26세 이상),타이어 교체비용,엔진오일 교체비용,브레이크오일 교체비용,구동배터리 교체비용,요소수,에너지단가(원/kWh),1년 유지비(원)
0,1,2019,BMW i3 120Ah,BMW,전기,0.0,5.6,고속,0.0,소형,15000,130000,1839600,160000.0,0,0,6000000.0,0,158.17058823529416,2553271
1,2,2023,BMW i3 120Ah,BMW,전기,0.0,5.6,2등급,0.0,소형,15000,130000,1411200,160000.0,0,0,6000000.0,0,316.3411764705883,2548542
2,3,2020,BMW i3 120Ah,BMW,전기,0.0,5.6,고속,0.0,소형,15000,130000,1789200,160000.0,0,0,6000000.0,0,189.80470588235298,2587605
3,4,2021,BMW i3 120Ah,BMW,전기,0.0,5.6,고속(전기),0.0,소형,15000,130000,1701000,160000.0,0,0,6000000.0,0,253.07294117647066,2668873
4,5,2022,BMW i3 120Ah,BMW,전기,0.0,5.6,고속,0.0,소형,15000,130000,1512000,160000.0,0,0,6000000.0,0,300.5241176470589,2606975
5,6,2024,BMW i3 120Ah,BMW,전기,0.0,5.66,2등급,0.0,소형,15000,130000,1323000,160000.0,0,0,6000000.0,0,316.3411764705883,2451360
6,7,2022,BMW i3 94Ah,BMW,전기,0.0,5.4,고속,0.0,소형,15000,130000,1512000,160000.0,0,0,6000000.0,0,300.5241176470589,2636789
7,8,2019,BMW i3 94Ah,BMW,전기,0.0,5.4,고속,0.0,소형,15000,130000,1839600,160000.0,0,0,6000000.0,0,158.17058823529416,2568962
8,9,2023,BMW i3 94Ah,BMW,전기,0.0,5.4,2등급,0.0,소형,15000,130000,1411200,160000.0,0,0,6000000.0,0,316.3411764705883,2579925
9,10,2020,BMW i3 94Ah,BMW,전기,0.0,5.4,고속,0.0,소형,15000,130000,1789200,160000.0,0,0,6000000.0,0,189.80470588235298,2606435
10,11,2021,BMW i3 94Ah,BMW,전기,0.0,5.4,고속(전기),0.0,소형,15000,130000,1701000,160000.0,0,0,6000000.0,0,253.07294117647066,2693980
11,12,2023,BMW i4 eDrive40,BMW,전기,0.0,4.6,3등급,0.0,중형,15000,130000,1701000,280000.0,0,0,8000000.0,0,316.3411764705883,3142547
12,13,2022,BMW i4 eDrive40,BMW,전기,0.0,4.6,고속,0.0,중형,15000,130000,1827000,280000.0,0,0,8000000.0,0,300.5241176470589,3216969
13,14,2024,BMW i4 eDrive40,BMW,전기,0.0,4.555,3등급,0.0,중형,15000,130000,1638000,280000.0,0,0,8000000.0,0,316.3411764705883,3089738
14,15,2023,BMW i4 M50,BMW,전기,0.0,4.1,4등급,0.0,중형,15000,130000,1701000,280000.0,0,0,8000000.0,0,316.3411764705883,3268345
15,16,2021,BMW i4 M50,BMW,전기,0.0,4.1,고속(전기),0.0,중형,15000,130000,2016000,280000.0,0,0,8000000.0,0,253.07294117647066,3351876
16,17,2022,BMW i4 M50,BMW,전기,0.0,4.1,고속,0.0,중형,15000,130000,1827000,280000.0,0,0,8000000.0,0,300.5241176470589,3336478
17,18,2024,BMW i4 M50,BMW,전기,0.0,4.1,4등급,0.0,중형,15000,130000,1638000,280000.0,0,0,8000000.0,0,316.3411764705883,3205345
18,19,2024,BMW i4 M50 xDrive,BMW,전기,0.0,4.045,4등급,0.0,중형,15000,130000,1638000,280000.0,0,0,8000000.0,0,316.3411764705883,3221082
19,20,2023,BMW i5 eDrive40,BMW,전기,0.0,4.1,4등급,0.0,중형,15000,130000,1701000,280000.0,0,0,8000000.0,0,316.3411764705883,3268345
20,21,2024,BMW i5 eDrive40,BMW,전기,0.0,4.055,4등급,0.0,중형,15000,130000,1638000,280000.0,0,0,8000000.0,0,316.3411764705883,3218189
21,22,2024,"BMW i5 eDrive40 (19"", 20"")",BMW,전기,0.0,4.6,3등급,0.0,중형,15000,130000,1638000,280000.0,0,0,8000000.0,0,316.3411764705883,3079547
22,23,2023,BMW i5 M60 xDrive,BMW,전기,0.0,3.8,4등급,0.0,중형,15000,130000,1701000,280000.0,0,0,8000000.0,0,316.3411764705883,3359715
23,24,2024,BMW i5 M60 xDrive,BMW,전기,0.0,3.8,4등급,0.0,중형,15000,130000,1638000,280000.0,0,0,8000000.0,0,316.3411764705883,3296715
24,25,2024,BMW i5 xDrive40,BMW,전기,0.0,4.345,3등급,0.0,중형,15000,130000,1638000,280000.0,0,0,8000000.0,0,316.3411764705883,3140086
25,26,2023,BMW i7 eDrive50,BMW,전기,0.0,3.8,4등급,0.0,대형,15000,130000,2142000,520000.0,0,0,10000000.0,0,316.3411764705883,4040715
26,27,2024,BMW i7 eDrive50,BMW,전기,0.0,3.835,4등급,0.0,대형,15000,130000,2079000,520000.0,0,0,10000000.0,0,316.3411764705883,3966318
27,28,2023,BMW i7 M70 xDrive,BMW,전기,0.0,3.3,5등급,0.0,대형,15000,130000,2142000,520000.0,0,0,10000000.0,0,316.3411764705883,4229914
28,29,2024,BMW i7 M70 xDrive,BMW,전기,0.0,3.29,5등급,0.0,대형,15000,130000,2079000,520000.0,0,0,10000000.0,0,316.3411764705883,4171284
29,30,2023,BMW i7 xDrive60,BMW,전기,0.0,3.7,4등급,0.0,대형,15000,130000,2142000,520000.0,0,0,10000000.0,0,316.3411764705883,4074464
30,31,2022,BMW i7 xDrive60,BMW,전기,0.0,3.7,고속,0.0,대형,15000,130000,2331000,520000.0,0,0,10000000.0,0,300.5241176470589,4199341
31,32,2024,BMW i7 xDrive60,BMW,전기,0.0,3.69,4등급,0.0,대형,15000,130000,2079000,520000.0,0,0,10000000.0,0,316.3411764705883,4014939
32,33,2023,BMW iX M60,BMW,전기,0.0,3.4,4등급,0.0,대형,15000,130000,2142000,520000.0,0,0,10000000.0,0,316.3411764705883,4187622
33,34,2022,BMW iX M60,BMW,전기,0.0,3.4,고속,0.0,대형,15000,130000,2331000,520000.0,0,0,10000000.0,0,300.5241176470589,4306841
34,35,2024,BMW iX M60,BMW,전기,0.0,3.39,4등급,0.0,대형,15000,130000,2079000,520000.0,0,0,10000000.0,0,316.3411764705883,4128739
35,36,2023,BMW iX xDrive40,BMW,전기,0.0,3.9,4등급,0.0,대형,15000,130000,2142000,520000.0,0,0,10000000.0,0,316.3411764705883,4008696
36,37,2021,BMW iX xDrive40,BMW,전기,0.0,3.9,고속(전기),0.0,대형,15000,130000,2457000,520000.0,0,0,10000000.0,0,253.07294117647066,4080357
37,38,2022,BMW iX xDrive40,BMW,전기,0.0,3.9,고속,0.0,대형,15000,130000,2331000,520000.0,0,0,10000000.0,0,300.5241176470589,4136861
38,39,2024,BMW iX xDrive40,BMW,전기,0.0,3.9,4등급,0.0,대형,15000,130000,2079000,520000.0,0,0,10000000.0,0,316.3411764705883,3945696
39,40,2024,BMW iX xDrive50,BMW,전기,0.0,3.7,4등급,0.0,대형,15000,130000,2079000,520000.0,0,0,10000000.0,0,316.3411764705883,4011464
40,41,2023,BMW iX xDrive50,BMW,전기,0.0,3.6,4등급,0.0,대형,15000,130000,2142000,520000.0,0,0,10000000.0,0,316.3411764705883,4110088
41,42,2023,BMW iX xDrive50,BMW,전기,0.0,3.7,4등급,0.0,대형,15000,130000,2142000,520000.0,0,0,10000000.0,0,316.3411764705883,4074464
42,43,2021,BMW iX xDrive50,BMW,전기,0.0,3.6,고속(전기),0.0,대형,15000,130000,2457000,520000.0,0,0,10000000.0,0,253.07294117647066,4161470
43,44,2022,BMW iX xDrive50,BMW,전기,0.0,3.7,고속,0.0,대형,15000,130000,2331000,520000.0,0,0,10000000.0,0,300.5241176470589,4199341
44,45,2022,BMW iX xDrive50,BMW,전기,0.0,3.6,고속,0.0,대형,15000,130000,2331000,520000.0,0,0,10000000.0,0,300.5241176470589,4233183
45,46,2024,BMW iX xDrive50,BMW,전기,0.0,3.545,4등급,0.0,대형,15000,130000,2079000,520000.0,0,0,10000000.0,0,316.3411764705883,4067538
46,47,2023,BMW iX1 xDrive30,BMW,전기,0.0,4.2,3등급,0.0,소형,15000,130000,1411200,160000.0,0,0,6000000.0,0,316.3411764705883,2830989
47,48,2024,BMW iX1 xDrive30,BMW,전기,0.0,4.155,3등급,0.0,소형,15000,130000,1323000,160000.0,0,0,6000000.0,0,316.3411764705883,2755025
48,49,2024,BMW iX2 eDrive20,BMW,전기,0.0,4.81,3등급,0.0,소형,15000,130000,1323000,160000.0,0,0,6000000.0,0,316.3411764705883,2599510
49,50,2024,BMW iX2 xDrive30,BMW,전기,0.0,4.555,3등급,0.0,소형,15000,130000,1323000,160000.0,0,0,6000000.0,0,316.3411764705883,2654738
50,51,2023,BMW iX3 M Sport,BMW,전기,0.0,4.1,4등급,0.0,중형,15000,130000,1701000,280000.0,0,0,8000000.0,0,316.3411764705883,3268345
51,52,2021,BMW iX3 M Sport,BMW,전기,0.0,4.1,고속(전기),0.0,중형,15000,130000,2016000,280000.0,0,0,8000000.0,0,253.07294117647066,3351876
52,53,2022,BMW iX3 M Sport,BMW,전기,0.0,4.1,고속,0.0,중형,15000,130000,1827000,280000.0,0,0,8000000.0,0,300.5241176470589,3336478
53,54,2024,BMW iX3 M Sport,BMW,전기,0.0,4.065,4등급,0.0,중형,15000,130000,1638000,280000.0,0,0,8000000.0,0,316.3411764705883,3215310
54,55,2023,CHEVROLET BOLT EUV,GM,전기,0.0,5.5,2등급,0.0,중형,15000,130000,1701000,280000.0,0,0,8000000.0,0,316.3411764705883,2973748
55,56,2021,CHEVROLET BOLT EUV,GM,전기,0.0,5.5,고속(전기),0.0,중형,15000,130000,2016000,280000.0,0,0,8000000.0,0,253.07294117647066,3116198
56,57,2022,CHEVROLET BOLT EUV,GM,전기,0.0,5.5,고속,0.0,중형,15000,130000,1827000,280000.0,0,0,8000000.0,0,300.5241176470589,3056611
57,58,2024,CHEVROLET BOLT EUV,GM,전기,0.0,5.605,2등급,0.0,중형,15000,130000,1638000,280000.0,0,0,8000000.0,0,316.3411764705883,2894586
58,59,2019,CHEVROLET BOLT EV,GM,전기,0.0,5.4,고속,0.0,중형,15000,130000,2167200,280000.0,0,0,8000000.0,0,158.17058823529416,3016562
59,60,2023,CHEVROLET BOLT EV,GM,전기,0.0,5.4,2등급,0.0,중형,15000,130000,1701000,280000.0,0,0,8000000.0,0,316.3411764705883,2989725
60,61,2020,CHEVROLET BOLT EV,GM,전기,0.0,5.4,고속,0.0,중형,15000,130000,2116800,280000.0,0,0,8000000.0,0,189.80470588235298,3054035
61,62,2021,CHEVROLET BOLT EV,GM,전기,0.0,5.4,고속(전기),0.0,중형,15000,130000,2016000,280000.0,0,0,8000000.0,0,253.07294117647066,3128980
62,63,2022,CHEVROLET BOLT EV,GM,전기,0.0,5.4,고속,0.0,중형,15000,130000,1827000,280000.0,0,0,8000000.0,0,300.5241176470589,3071789
63,64,2024,CHEVROLET BOLT EV,GM,전기,0.0,5.46,2등급,0.0,중형,15000,130000,1638000,280000.0,0,0,8000000.0,0,316.3411764705883,2917069
64,65,2019,e-tron 50 uattro,아우디,전기,0.0,2.9,고속,0.0,중형,15000,130000,2167200,280000.0,0,0,8000000.0,0,158.17058823529416,3395323
65,66,2020,e-tron 50 uattro,아우디,전기,0.0,2.9,고속,0.0,중형,15000,130000,2116800,280000.0,0,0,8000000.0,0,189.80470588235298,3508548
66,67,2021,e-tron 50 uattro,아우디,전기,0.0,2.9,고속(전기),0.0,중형,15000,130000,2016000,280000.0,0,0,8000000.0,0,253.07294117647066,3734997
67,68,2022,e-tron 50 uattro,아우디,전기,0.0,2.9,고속,0.0,중형,15000,130000,1827000,280000.0,0,0,8000000.0,0,300.5241176470589,3791435
68,69,2023,e-tron 50 uattro,아우디,전기,0.0,2.9,5등급,0.0,중형,15000,130000,1701000,280000.0,0,0,8000000.0,0,316.3411764705883,3747247
69,70,2019,e-tron 55 uattro,아우디,전기,0.0,3.0,고속,0.0,중형,15000,130000,2167200,280000.0,0,0,8000000.0,0,158.17058823529416,3368052
70,71,2020,e-tron 55 uattro,아우디,전기,0.0,3.0,고속,0.0,중형,15000,130000,2116800,280000.0,0,0,8000000.0,0,189.80470588235298,3475823
71,72,2021,e-tron 55 uattro,아우디,전기,0.0,3.0,고속(전기),0.0,중형,15000,130000,2016000,280000.0,0,0,8000000.0,0,253.07294117647066,3691364
72,73,2022,e-tron 55 uattro,아우디,전기,0.0,3.0,고속,0.0,중형,15000,130000,1827000,280000.0,0,0,8000000.0,0,300.5241176470589,3739620
73,74,2023,e-tron 55 uattro,아우디,전기,0.0,3.0,5등급,0.0,중형,15000,130000,1701000,280000.0,0,0,8000000.0,0,316.3411764705883,3692705
74,75,2024,e-tron 55 uattro,아우디,전기,0.0,3.0,5등급,0.0,중형,15000,130000,1638000,280000.0,0,0,8000000.0,0,316.3411764705883,3629705
75,76,2021,e-tron GT uattro,아우디,전기,0.0,3.7,고속(전기),0.0,중형,15000,130000,2016000,280000.0,0,0,8000000.0,0,253.07294117647066,3451971
76,77,2022,e-tron GT uattro,아우디,전기,0.0,3.7,고속,0.0,중형,15000,130000,1827000,280000.0,0,0,8000000.0,0,300.5241176470589,3455341
77,78,2023,e-tron GT uattro,아우디,전기,0.0,3.7,4등급,0.0,중형,15000,130000,1701000,280000.0,0,0,8000000.0,0,316.3411764705883,3393464
78,79,2024,e-tron GT uattro,아우디,전기,0.0,3.68,4등급,0.0,중형,15000,130000,1638000,280000.0,0,0,8000000.0,0,316.3411764705883,3337434
79,80,2022,e-tron S,아우디,전기,0.0,2.7,고속,0.0,중형,15000,130000,1827000,280000.0,0,0,8000000.0,0,300.5241176470589,3906578
80,81,2023,e-tron S,아우디,전기,0.0,2.7,5등급,0.0,중형,15000,130000,1701000,280000.0,0,0,8000000.0,0,316.3411764705883,3868450
81,82,2024,e-tron S,아우디,전기,0.0,2.745,5등급,0.0,중형,15000,130000,1638000,280000.0,0,0,8000000.0,0,316.3411764705883,3776640
82,83,2022,e-tron S Sportback,아우디,전기,0.0,2.7,고속,0.0,중형,15000,130000,1827000,280000.0,0,0,8000000.0,0,300.5241176470589,3906578
83,84,2023,e-tron S Sportback,아우디,전기,0.0,2.7,5등급,0.0,중형,15000,130000,1701000,280000.0,0,0,8000000.0,0,316.3411764705883,3868450
84,85,2024,e-tron S Sportback,아우디,전기,0.0,2.69,5등급,0.0,중형,15000,130000,1638000,280000.0,0,0,8000000.0,0,316.3411764705883,3811984
85,86,2019,e-tron Sportback 50 uattro,아우디,전기,0.0,3.0,고속,0.0,중형,15000,130000,2167200,280000.0,0,0,8000000.0,0,158.17058823529416,3368052
86,87,2020,e-tron Sportback 50 uattro,아우디,전기,0.0,3.0,고속,0.0,중형,15000,130000,2116800,280000.0,0,0,8000000.0,0,189.80470588235298,3475823
87,88,2021,e-tron Sportback 50 uattro,아우디,전기,0.0,3.0,고속(전기),0.0,중형,15000,130000,2016000,280000.0,0,0,8000000.0,0,253.07294117647066,3691364
88,89,2022,e-tron Sportback 50 uattro,아우디,전기,0.0,3.0,고속,0.0,중형,15000,130000,1827000,280000.0,0,0,8000000.0,0,300.5241176470589,3739620
89,90,2023,e-tron Sportback 50 uattro,아우디,전기,0.0,3.0,5등급,0.0,중형,15000,130000,1701000,280000.0,0,0,8000000.0,0,316.3411764705883,3692705
90,91,2021,e-tron Sportback 55 uattro,아우디,전기,0.0,3.1,고속(전기),0.0,중형,15000,130000,2016000,280000.0,0,0,8000000.0,0,253.07294117647066,3650546
91,92,2022,e-tron Sportback 55 uattro,아우디,전기,0.0,3.1,고속,0.0,중형,15000,130000,1827000,280000.0,0,0,8000000.0,0,300.5241176470589,3691148
92,93,2023,e-tron Sportback 55 uattro,아우디,전기,0.0,3.1,5등급,0.0,중형,15000,130000,1701000,280000.0,0,0,8000000.0,0,316.3411764705883,3641683
93,94,2024,e-tron Sportback 55 uattro,아우디,전기,0.0,3.145,5등급,0.0,중형,15000,130000,1638000,280000.0,0,0,8000000.0,0,316.3411764705883,3556781
94,95,2024,EV3 기본형 2WD 17인치,기아,전기,0.0,5.195,2등급,0.0,소형,15000,130000,1323000,160000.0,0,0,6000000.0,0,316.3411764705883,2526400
95,96,2024,EV3 기본형 2WD 19인치,기아,전기,0.0,5.195,2등급,0.0,소형,15000,130000,1323000,160000.0,0,0,6000000.0,0,316.3411764705883,2526400
96,97,2024,EV3 항속형 2WD 17인치(C),기아,전기,0.0,5.405,2등급,0.0,소형,15000,130000,1323000,160000.0,0,0,6000000.0,0,316.3411764705883,2490912
97,98,2024,EV3 항속형 2WD 17인치(nC),기아,전기,0.0,5.405,2등급,0.0,소형,15000,130000,1323000,160000.0,0,0,6000000.0,0,316.3411764705883,2490912
98,99,2024,EV3 항속형 2WD 19인치,기아,전기,0.0,5.095,2등급,0.0,소형,15000,130000,1323000,160000.0,0,0,6000000.0,0,316.3411764705883,2544328
99,100,2023,EV6 GT,기아,전기,0.0,3.9,4등급,0.0,중형,15000,130000,1701000,280000.0,0,0,8000000.0,0,316.3411764705883,3327696
100,101,2024,EV6 GT,기아,전기,0.0,3.93,4등급,0.0,중형,15000,130000,1638000,280000.0,0,0,8000000.0,0,316.3411764705883,3255409
101,102,2023,EV6 기본형 4WD 19인치,기아,전기,0.0,5.3,2등급,0.0,중형,15000,130000,1701000,280000.0,0,0,8000000.0,0,316.3411764705883,3006305
102,103,2021,EV6 기본형 4WD 19인치,기아,전기,0.0,5.3,고속(전기),0.0,중형,15000,130000,2016000,280000.0,0,0,8000000.0,0,253.07294117647066,3142244
103,104,2022,EV6 기본형 4WD 19인치,기아,전기,0.0,5.3,고속,0.0,중형,15000,130000,1827000,280000.0,0,0,8000000.0,0,300.5241176470589,3087539
104,105,2024,EV6 기본형 4WD 19인치,기아,전기,0.0,5.415,2등급,0.0,중형,15000,130000,1638000,280000.0,0,0,8000000.0,0,316.3411764705883,2924291
105,106,2023,EV6 기본형 RWD 19인치,기아,전기,0.0,5.6,2등급,0.0,중형,15000,130000,1701000,280000.0,0,0,8000000.0,0,316.3411764705883,2958342
106,107,2021,EV6 기본형 RWD 19인치,기아,전기,0.0,5.6,고속(전기),0.0,중형,15000,130000,2016000,280000.0,0,0,8000000.0,0,253.07294117647066,3103873
107,108,2022,EV6 기본형 RWD 19인치,기아,전기,0.0,5.6,고속,0.0,중형,15000,130000,1827000,280000.0,0,0,8000000.0,0,300.5241176470589,3041975
108,109,2024,EV6 기본형 RWD 19인치,기아,전기,0.0,5.725,2등급,0.0,중형,15000,130000,1638000,280000.0,0,0,8000000.0,0,316.3411764705883,2876841
109,110,2024,EV6 항속형 2WD 개조차 19인치(C),기아,전기,0.0,5.215,2등급,0.0,중형,15000,130000,1638000,280000.0,0,0,8000000.0,0,316.3411764705883,2957897
110,111,2024,EV6 항속형 2WD 개조차 19인치(nC),기아,전기,0.0,5.215,2등급,0.0,중형,15000,130000,1638000,280000.0,0,0,8000000.0,0,316.3411764705883,2957897
111,112,2024,EV6 항속형 2WD 개조차 20인치,기아,전기,0.0,4.96,3등급,0.0,중형,15000,130000,1638000,280000.0,0,0,8000000.0,0,316.3411764705883,3004676
112,113,2023,EV6 항속형 4WD 19인치,기아,전기,0.0,5.0,2등급,0.0,중형,15000,130000,1701000,280000.0,0,0,8000000.0,0,316.3411764705883,3060023
113,114,2021,EV6 항속형 4WD 19인치,기아,전기,0.0,5.0,고속(전기),0.0,중형,15000,130000,2016000,280000.0,0,0,8000000.0,0,253.07294117647066,3185218
114,115,2022,EV6 항속형 4WD 19인치,기아,전기,0.0,5.0,고속,0.0,중형,15000,130000,1827000,280000.0,0,0,8000000.0,0,300.5241176470589,3138572
115,116,2024,EV6 항속형 4WD 19인치,기아,전기,0.0,5.105,2등급,0.0,중형,15000,130000,1638000,280000.0,0,0,8000000.0,0,316.3411764705883,2977503
116,117,2023,EV6 항속형 4WD 20인치,기아,전기,0.0,4.6,3등급,0.0,중형,15000,130000,1701000,280000.0,0,0,8000000.0,0,316.3411764705883,3142547
117,118,2021,EV6 항속형 4WD 20인치,기아,전기,0.0,4.6,고속(전기),0.0,중형,15000,130000,2016000,280000.0,0,0,8000000.0,0,253.07294117647066,3251237
118,119,2022,EV6 항속형 4WD 20인치,기아,전기,0.0,4.6,고속,0.0,중형,15000,130000,1827000,280000.0,0,0,8000000.0,0,300.5241176470589,3216969
119,120,2024,EV6 항속형 4WD 20인치,기아,전기,0.0,4.605,3등급,0.0,중형,15000,130000,1638000,280000.0,0,0,8000000.0,0,316.3411764705883,3078427
120,121,2024,EV6 항속형 4WD 개조차 19인치,기아,전기,0.0,4.895,3등급,0.0,중형,15000,130000,1638000,280000.0,0,0,8000000.0,0,316.3411764705883,3017380
121,122,2024,EV6 항속형 4WD 개조차 20인치,기아,전기,0.0,4.585,3등급,0.0,중형,15000,130000,1638000,280000.0,0,0,8000000.0,0,316.3411764705883,3082922
122,123,2023,EV6 항속형 RWD 19인치(빌트인캠미적용),기아,전기,0.0,5.4,2등급,0.0,중형,15000,130000,1701000,280000.0,0,0,8000000.0,0,316.3411764705883,2989725
123,124,2021,EV6 항속형 RWD 19인치(빌트인캠미적용),기아,전기,0.0,5.4,고속(전기),0.0,중형,15000,130000,2016000,280000.0,0,0,8000000.0,0,253.07294117647066,3128980
124,125,2022,EV6 항속형 RWD 19인치(빌트인캠미적용),기아,전기,0.0,5.4,고속,0.0,중형,15000,130000,1827000,280000.0,0,0,8000000.0,0,300.5241176470589,3071789
125,126,2024,EV6 항속형 RWD 19인치(빌트인캠미적용),기아,전기,0.0,5.47,2등급,0.0,중형,15000,130000,1638000,280000.0,0,0,8000000.0,0,316.3411764705883,2915480
126,127,2023,EV6 항속형 RWD 19인치(빌트인캠적용),기아,전기,0.0,5.3,2등급,0.0,중형,15000,130000,1701000,280000.0,0,0,8000000.0,0,316.3411764705883,3006305
127,128,2021,EV6 항속형 RWD 19인치(빌트인캠적용),기아,전기,0.0,5.3,고속(전기),0.0,중형,15000,130000,2016000,280000.0,0,0,8000000.0,0,253.07294117647066,3142244
128,129,2022,EV6 항속형 RWD 19인치(빌트인캠적용),기아,전기,0.0,5.3,고속,0.0,중형,15000,130000,1827000,280000.0,0,0,8000000.0,0,300.5241176470589,3087539
129,130,2024,EV6 항속형 RWD 19인치(빌트인캠적용),기아,전기,0.0,5.415,2등급,0.0,중형,15000,130000,1638000,280000.0,0,0,8000000.0,0,316.3411764705883,2924291
130,131,2023,EV6 항속형 RWD 20인치,기아,전기,0.0,4.9,3등급,0.0,중형,15000,130000,1701000,280000.0,0,0,8000000.0,0,316.3411764705883,3079391
131,132,2021,EV6 항속형 RWD 20인치,기아,전기,0.0,4.9,고속(전기),0.0,중형,15000,130000,2016000,280000.0,0,0,8000000.0,0,253.07294117647066,3200713
132,133,2022,EV6 항속형 RWD 20인치,기아,전기,0.0,4.9,고속,0.0,중형,15000,130000,1827000,280000.0,0,0,8000000.0,0,300.5241176470589,3156971
133,134,2024,EV6 항속형 RWD 20인치,기아,전기,0.0,5.005,3등급,0.0,중형,15000,130000,1638000,280000.0,0,0,8000000.0,0,316.3411764705883,2996075
134,135,2023,EV9 2WD 19인치 6인,기아,전기,0.0,4.2,3등급,0.0,대형,15000,130000,2142000,520000.0,0,0,10000000.0,0,316.3411764705883,3921789
135,136,2024,EV9 2WD 19인치 6인,기아,전기,0.0,4.205,3등급,0.0,대형,15000,130000,2079000,520000.0,0,0,10000000.0,0,316.3411764705883,3857446
136,137,2023,EV9 2WD 19인치 7인,기아,전기,0.0,4.2,3등급,0.0,대형,15000,130000,2142000,520000.0,0,0,10000000.0,0,316.3411764705883,3921789
137,138,2024,EV9 2WD 19인치 7인,기아,전기,0.0,4.205,3등급,0.0,대형,15000,130000,2079000,520000.0,0,0,10000000.0,0,316.3411764705883,3857446
138,139,2023,EV9 2WD 20인치 6인,기아,전기,0.0,4.1,4등급,0.0,대형,15000,130000,2142000,520000.0,0,0,10000000.0,0,316.3411764705883,3949345
139,140,2024,EV9 2WD 20인치 6인,기아,전기,0.0,4.105,4등급,0.0,대형,15000,130000,2079000,520000.0,0,0,10000000.0,0,316.3411764705883,3884936
140,141,2023,EV9 2WD 20인치 7인,기아,전기,0.0,4.1,4등급,0.0,대형,15000,130000,2142000,520000.0,0,0,10000000.0,0,316.3411764705883,3949345
141,142,2024,EV9 2WD 20인치 7인,기아,전기,0.0,4.105,4등급,0.0,대형,15000,130000,2079000,520000.0,0,0,10000000.0,0,316.3411764705883,3884936
142,143,2023,EV9 4WD 19인치 6인,기아,전기,0.0,3.8,4등급,0.0,대형,15000,130000,2142000,520000.0,0,0,10000000.0,0,316.3411764705883,4040715
143,144,2024,EV9 4WD 19인치 6인,기아,전기,0.0,3.795,4등급,0.0,대형,15000,130000,2079000,520000.0,0,0,10000000.0,0,316.3411764705883,3979360
144,145,2023,EV9 4WD 19인치 7인,기아,전기,0.0,3.8,4등급,0.0,대형,15000,130000,2142000,520000.0,0,0,10000000.0,0,316.3411764705883,4040715
145,146,2024,EV9 4WD 19인치 7인,기아,전기,0.0,3.795,4등급,0.0,대형,15000,130000,2079000,520000.0,0,0,10000000.0,0,316.3411764705883,3979360
146,147,2023,EV9 4WD 21인치 6인,기아,전기,0.0,3.9,4등급,0.0,대형,15000,130000,2142000,520000.0,0,0,10000000.0,0,316.3411764705883,4008696
147,148,2024,EV9 4WD 21인치 6인,기아,전기,0.0,3.895,4등급,0.0,대형,15000,130000,2079000,520000.0,0,0,10000000.0,0,316.3411764705883,3947258
148,149,2023,EV9 4WD 21인치 7인,기아,전기,0.0,3.9,4등급,0.0,대형,15000,130000,2142000,520000.0,0,0,10000000.0,0,316.3411764705883,4008696
149,150,2024,EV9 4WD 21인치 7인,기아,전기,0.0,3.895,4등급,0.0,대형,15000,130000,2079000,520000.0,0,0,10000000.0,0,316.3411764705883,3947258
150,151,2023,EV9 GTL 4WD 21인치 6인,기아,전기,0.0,3.8,4등급,0.0,대형,15000,130000,2142000,520000.0,0,0,10000000.0,0,316.3411764705883,4040715
151,152,2024,EV9 GTL 4WD 21인치 6인,기아,전기,0.0,3.785,4등급,0.0,대형,15000,130000,2079000,520000.0,0,0,10000000.0,0,316.3411764705883,3982663
152,153,2023,EV9 GTL 4WD 21인치 7인,기아,전기,0.0,3.8,4등급,0.0,대형,15000,130000,2142000,520000.0,0,0,10000000.0,0,316.3411764705883,4040715
153,154,2024,EV9 GTL 4WD 21인치 7인,기아,전기,0.0,3.785,4등급,0.0,대형,15000,130000,2079000,520000.0,0,0,10000000.0,0,316.3411764705883,3982663
154,155,2023,G80 Electrified,현대,전기,0.0,4.3,3등급,0.0,중형,15000,130000,1701000,280000.0,0,0,8000000.0,0,316.3411764705883,3214515
155,156,2021,G80 Electrified,현대,전기,0.0,4.3,고속(전기),0.0,중형,15000,130000,2016000,280000.0,0,0,8000000.0,0,253.07294117647066,3308812
156,157,2022,G80 Electrified,현대,전기,0.0,4.3,고속,0.0,중형,15000,130000,1827000,280000.0,0,0,8000000.0,0,300.5241176470589,3285339
157,158,2024,G80 Electrified,현대,전기,0.0,4.32,3등급,0.0,중형,15000,130000,1638000,280000.0,0,0,8000000.0,0,316.3411764705883,3146406
158,159,2023,G80 Electrified 24MY,현대,전기,0.0,4.3,3등급,0.0,중형,15000,130000,1701000,280000.0,0,0,8000000.0,0,316.3411764705883,3214515
159,160,2024,G80 Electrified 24MY,현대,전기,0.0,4.32,3등급,0.0,중형,15000,130000,1638000,280000.0,0,0,8000000.0,0,316.3411764705883,3146406
160,161,2023,GV60 4WD 19인치,현대,전기,0.0,4.5,3등급,0.0,중형,15000,130000,1701000,280000.0,0,0,8000000.0,0,316.3411764705883,3165470
161,162,2021,GV60 4WD 19인치,현대,전기,0.0,4.5,고속(전기),0.0,중형,15000,130000,2016000,280000.0,0,0,8000000.0,0,253.07294117647066,3269576
162,163,2022,GV60 4WD 19인치,현대,전기,0.0,4.5,고속,0.0,중형,15000,130000,1827000,280000.0,0,0,8000000.0,0,300.5241176470589,3238747
163,164,2024,GV60 4WD 19인치,현대,전기,0.0,4.485,3등급,0.0,중형,15000,130000,1638000,280000.0,0,0,8000000.0,0,316.3411764705883,3105997
164,165,2023,GV60 4WD 20인치,현대,전기,0.0,4.3,3등급,0.0,중형,15000,130000,1701000,280000.0,0,0,8000000.0,0,316.3411764705883,3214515
165,166,2021,GV60 4WD 20인치,현대,전기,0.0,4.3,고속(전기),0.0,중형,15000,130000,2016000,280000.0,0,0,8000000.0,0,253.07294117647066,3308812
166,167,2022,GV60 4WD 20인치,현대,전기,0.0,4.3,고속,0.0,중형,15000,130000,1827000,280000.0,0,0,8000000.0,0,300.5241176470589,3285339
167,168,2024,GV60 4WD 20인치,현대,전기,0.0,4.33,3등급,0.0,중형,15000,130000,1638000,280000.0,0,0,8000000.0,0,316.3411764705883,3143870
168,169,2023,GV60 4WD 무선충전,현대,전기,0.0,4.1,4등급,0.0,중형,15000,130000,1701000,280000.0,0,0,8000000.0,0,316.3411764705883,3268345
169,170,2021,GV60 4WD 무선충전,현대,전기,0.0,4.1,고속(전기),0.0,중형,15000,130000,2016000,280000.0,0,0,8000000.0,0,253.07294117647066,3351876
170,171,2022,GV60 4WD 무선충전,현대,전기,0.0,4.1,고속,0.0,중형,15000,130000,1827000,280000.0,0,0,8000000.0,0,300.5241176470589,3336478
171,172,2024,GV60 4WD 무선충전,현대,전기,0.0,4.13,4등급,0.0,중형,15000,130000,1638000,280000.0,0,0,8000000.0,0,316.3411764705883,3196938
172,173,2023,GV60 RWD 19인치,현대,전기,0.0,5.1,2등급,0.0,중형,15000,130000,1701000,280000.0,0,0,8000000.0,0,316.3411764705883,3041415
173,174,2021,GV60 RWD 19인치,현대,전기,0.0,5.1,고속(전기),0.0,중형,15000,130000,2016000,280000.0,0,0,8000000.0,0,253.07294117647066,3170332
174,175,2022,GV60 RWD 19인치,현대,전기,0.0,5.1,고속,0.0,중형,15000,130000,1827000,280000.0,0,0,8000000.0,0,300.5241176470589,3120894
175,176,2024,GV60 RWD 19인치,현대,전기,0.0,5.16,2등급,0.0,중형,15000,130000,1638000,280000.0,0,0,8000000.0,0,316.3411764705883,2967596
176,177,2023,GV60 성능형 4WD 21인치,현대,전기,0.0,4.1,4등급,0.0,중형,15000,130000,1701000,280000.0,0,0,8000000.0,0,316.3411764705883,3268345
177,178,2021,GV60 성능형 4WD 21인치,현대,전기,0.0,4.1,고속(전기),0.0,중형,15000,130000,2016000,280000.0,0,0,8000000.0,0,253.07294117647066,3351876
178,179,2022,GV60 성능형 4WD 21인치,현대,전기,0.0,4.1,고속,0.0,중형,15000,130000,1827000,280000.0,0,0,8000000.0,0,300.5241176470589,3336478
179,180,2024,GV60 성능형 4WD 21인치,현대,전기,0.0,4.075,4등급,0.0,중형,15000,130000,1638000,280000.0,0,0,8000000.0,0,316.3411764705883,3212446
180,181,2023,GV60 성능형 4WD 무선충전,현대,전기,0.0,3.9,4등급,0.0,중형,15000,130000,1701000,280000.0,0,0,8000000.0,0,316.3411764705883,3327696
181,182,2021,GV60 성능형 4WD 무선충전,현대,전기,0.0,3.9,고속(전기),0.0,중형,15000,130000,2016000,280000.0,0,0,8000000.0,0,253.07294117647066,3399357
182,183,2022,GV60 성능형 4WD 무선충전,현대,전기,0.0,3.9,고속,0.0,중형,15000,130000,1827000,280000.0,0,0,8000000.0,0,300.5241176470589,3392861
183,184,2024,GV60 성능형 4WD 무선충전,현대,전기,0.0,3.975,4등급,0.0,중형,15000,130000,1638000,280000.0,0,0,8000000.0,0,316.3411764705883,3241740
184,185,2023,GV70 Electrified 19인치,현대,전기,0.0,4.6,3등급,0.0,중형,15000,130000,1701000,280000.0,0,0,8000000.0,0,316.3411764705883,3142547
185,186,2022,GV70 Electrified 19인치,현대,전기,0.0,4.6,고속,0.0,중형,15000,130000,1827000,280000.0,0,0,8000000.0,0,300.5241176470589,3216969
186,187,2024,GV70 Electrified 19인치,현대,전기,0.0,4.595,3등급,0.0,중형,15000,130000,1638000,280000.0,0,0,8000000.0,0,316.3411764705883,3080669
187,188,2023,GV70 Electrified 20인치,현대,전기,0.0,4.3,3등급,0.0,중형,15000,130000,1701000,280000.0,0,0,8000000.0,0,316.3411764705883,3214515
188,189,2022,GV70 Electrified 20인치,현대,전기,0.0,4.3,고속,0.0,중형,15000,130000,1827000,280000.0,0,0,8000000.0,0,300.5241176470589,3285339
189,190,2024,GV70 Electrified 20인치,현대,전기,0.0,4.34,3등급,0.0,중형,15000,130000,1638000,280000.0,0,0,8000000.0,0,316.3411764705883,3141345
190,191,2023,GV70 Electrified 무선충전,현대,전기,0.0,4.2,3등급,0.0,중형,15000,130000,1701000,280000.0,0,0,8000000.0,0,316.3411764705883,3240789
191,192,2022,GV70 Electrified 무선충전,현대,전기,0.0,4.2,고속,0.0,중형,15000,130000,1827000,280000.0,0,0,8000000.0,0,300.5241176470589,3310300
192,193,2024,GV70 Electrified 무선충전,현대,전기,0.0,4.24,3등급,0.0,중형,15000,130000,1638000,280000.0,0,0,8000000.0,0,316.3411764705883,3167131
193,194,2023,ID.4 Pro,폭스바겐,전기,0.0,4.7,3등급,0.0,중형,15000,130000,1701000,280000.0,0,0,8000000.0,0,316.3411764705883,3120599
194,195,2023,ID.4 Pro,폭스바겐,전기,0.0,4.9,3등급,0.0,중형,15000,130000,1701000,280000.0,0,0,8000000.0,0,316.3411764705883,3079391
195,196,2022,ID.4 Pro,폭스바겐,전기,0.0,4.7,고속,0.0,중형,15000,130000,1827000,280000.0,0,0,8000000.0,0,300.5241176470589,3196119
196,197,2024,ID.4 Pro,폭스바겐,전기,0.0,4.675,3등급,0.0,중형,15000,130000,1638000,280000.0,0,0,8000000.0,0,316.3411764705883,3062998
197,198,2024,ID.4 Pro,폭스바겐,전기,0.0,4.885,3등급,0.0,중형,15000,130000,1638000,280000.0,0,0,8000000.0,0,316.3411764705883,3019364
198,199,2024,ID.4 Pro,폭스바겐,전기,0.0,4.94,3등급,0.0,중형,15000,130000,1638000,280000.0,0,0,8000000.0,0,316.3411764705883,3008550
199,200,2024,ID.5 Pro,폭스바겐,전기,0.0,4.985,2등급,0.0,중형,15000,130000,1638000,280000.0,0,0,8000000.0,0,316.3411764705883,2999879
200,201,2019,LEAF,닛산,전기,0.0,5.2,고속,0.0,소형,15000,130000,1839600,160000.0,0,0,6000000.0,0,158.17058823529416,2585861
201,202,2019,LEAF,닛산,전기,0.0,5.1,고속,0.0,소형,15000,130000,1839600,160000.0,0,0,6000000.0,0,158.17058823529416,2594807
202,203,2023,LEAF,닛산,전기,0.0,5.1,2등급,0.0,소형,15000,130000,1411200,160000.0,0,0,6000000.0,0,316.3411764705883,2631615
203,204,2023,LEAF,닛산,전기,0.0,5.2,2등급,0.0,소형,15000,130000,1411200,160000.0,0,0,6000000.0,0,316.3411764705883,2613722
204,205,2020,LEAF,닛산,전기,0.0,5.2,고속,0.0,소형,15000,130000,1789200,160000.0,0,0,6000000.0,0,189.80470588235298,2626713
205,206,2020,LEAF,닛산,전기,0.0,5.1,고속,0.0,소형,15000,130000,1789200,160000.0,0,0,6000000.0,0,189.80470588235298,2637449
206,207,2021,LEAF,닛산,전기,0.0,5.1,고속(전기),0.0,소형,15000,130000,1701000,160000.0,0,0,6000000.0,0,253.07294117647066,2735332
207,208,2021,LEAF,닛산,전기,0.0,5.2,고속(전기),0.0,소형,15000,130000,1701000,160000.0,0,0,6000000.0,0,253.07294117647066,2721018
208,209,2022,LEAF,닛산,전기,0.0,5.1,고속,0.0,소형,15000,130000,1512000,160000.0,0,0,6000000.0,0,300.5241176470589,2685894
209,210,2022,LEAF,닛산,전기,0.0,5.2,고속,0.0,소형,15000,130000,1512000,160000.0,0,0,6000000.0,0,300.5241176470589,2668896
210,211,2024,LEAF,닛산,전기,0.0,5.14,2등급,0.0,소형,15000,130000,1323000,160000.0,0,0,6000000.0,0,316.3411764705883,2536174
211,212,2024,LEAF,닛산,전기,0.0,5.295,2등급,0.0,소형,15000,130000,1323000,160000.0,0,0,6000000.0,0,316.3411764705883,2509150
212,213,2019,LEAF PLUS,닛산,전기,0.0,4.8,고속,0.0,소형,15000,130000,1839600,160000.0,0,0,6000000.0,0,158.17058823529416,2623883
213,214,2023,LEAF PLUS,닛산,전기,0.0,4.8,3등급,0.0,소형,15000,130000,1411200,160000.0,0,0,6000000.0,0,316.3411764705883,2689766
214,215,2020,LEAF PLUS,닛산,전기,0.0,4.8,고속,0.0,소형,15000,130000,1789200,160000.0,0,0,6000000.0,0,189.80470588235298,2672339
215,216,2021,LEAF PLUS,닛산,전기,0.0,4.8,고속(전기),0.0,소형,15000,130000,1701000,160000.0,0,0,6000000.0,0,253.07294117647066,2781852
216,217,2022,LEAF PLUS,닛산,전기,0.0,4.8,고속,0.0,소형,15000,130000,1512000,160000.0,0,0,6000000.0,0,300.5241176470589,2741137
217,218,2024,LEAF PLUS,닛산,전기,0.0,4.785,3등급,0.0,소형,15000,130000,1323000,160000.0,0,0,6000000.0,0,316.3411764705883,2604665
218,219,2023,Mercedes-AMG EQE 53 4MATIC +,벤츠,전기,0.0,3.6,4등급,0.0,중형,15000,130000,1701000,280000.0,0,0,8000000.0,0,316.3411764705883,3429088
219,220,2024,Mercedes-AMG EQE 53 4MATIC +,벤츠,전기,0.0,3.6,4등급,0.0,중형,15000,130000,1638000,280000.0,0,0,8000000.0,0,316.3411764705883,3366088
220,221,2023,Mercedes-AMG EQE 53 4MATIC + SUV,벤츠,전기,0.0,3.5,4등급,0.0,중형,15000,130000,1701000,280000.0,0,0,8000000.0,0,316.3411764705883,3466747
221,222,2024,Mercedes-AMG EQE 53 4MATIC + SUV,벤츠,전기,0.0,3.355,4등급,0.0,중형,15000,130000,1638000,280000.0,0,0,8000000.0,0,316.3411764705883,3462342
222,223,2024,Mercedes-AMG EQE 53 4MATIC + SUV,벤츠,전기,0.0,3.555,4등급,0.0,중형,15000,130000,1638000,280000.0,0,0,8000000.0,0,316.3411764705883,3382772
223,224,2023,Mercedes-AMG EQE 53 4MATIC +(Race Start +),벤츠,전기,0.0,3.6,4등급,0.0,중형,15000,130000,1701000,280000.0,0,0,8000000.0,0,316.3411764705883,3429088
224,225,2024,Mercedes-AMG EQE 53 4MATIC +(Race Start +),벤츠,전기,0.0,3.6,4등급,0.0,중형,15000,130000,1638000,280000.0,0,0,8000000.0,0,316.3411764705883,3366088
225,226,2023,Mercedes-AMG EQE53 4MATIC +,벤츠,전기,0.0,3.3,5등급,0.0,중형,15000,130000,1701000,280000.0,0,0,8000000.0,0,316.3411764705883,3548914
226,227,2022,Mercedes-AMG EQE53 4MATIC +,벤츠,전기,0.0,3.3,고속,0.0,중형,15000,130000,1827000,280000.0,0,0,8000000.0,0,300.5241176470589,3603018
227,228,2024,Mercedes-AMG EQE53 4MATIC +,벤츠,전기,0.0,3.3,5등급,0.0,중형,15000,130000,1638000,280000.0,0,0,8000000.0,0,316.3411764705883,3485914
228,229,2023,Mercedes-AMG EQS 53 4MATIC +,벤츠,전기,0.0,3.2,5등급,0.0,대형,15000,130000,2142000,520000.0,0,0,10000000.0,0,316.3411764705883,4274849
229,230,2024,Mercedes-AMG EQS 53 4MATIC +,벤츠,전기,0.0,3.245,5등급,0.0,대형,15000,130000,2079000,520000.0,0,0,10000000.0,0,316.3411764705883,4191285
230,231,2023,Mercedes-AMG EQS53 4MATIC +,벤츠,전기,0.0,3.1,5등급,0.0,대형,15000,130000,2142000,520000.0,0,0,10000000.0,0,316.3411764705883,4322683
231,232,2023,Mercedes-AMG EQS53 4MATIC +,벤츠,전기,0.0,3.2,5등급,0.0,대형,15000,130000,2142000,520000.0,0,0,10000000.0,0,316.3411764705883,4274849
232,233,2022,Mercedes-AMG EQS53 4MATIC +,벤츠,전기,0.0,3.2,고속,0.0,대형,15000,130000,2331000,520000.0,0,0,10000000.0,0,300.5241176470589,4389706
233,234,2022,Mercedes-AMG EQS53 4MATIC +,벤츠,전기,0.0,3.1,고속,0.0,대형,15000,130000,2331000,520000.0,0,0,10000000.0,0,300.5241176470589,4435148
234,235,2024,Mercedes-AMG EQS53 4MATIC +,벤츠,전기,0.0,3.145,5등급,0.0,대형,15000,130000,2079000,520000.0,0,0,10000000.0,0,316.3411764705883,4237781
235,236,2024,Mercedes-AMG EQS53 4MATIC +,벤츠,전기,0.0,3.2,5등급,0.0,대형,15000,130000,2079000,520000.0,0,0,10000000.0,0,316.3411764705883,4211849
236,237,2024,Mercedes-Benz EQA 250,벤츠,전기,0.0,5.04,2등급,0.0,소형,15000,130000,1323000,160000.0,0,0,6000000.0,0,316.3411764705883,2554491
237,238,2023,Mercedes-Benz EQA250,벤츠,전기,0.0,4.0,4등급,0.0,소형,15000,130000,1411200,160000.0,0,0,6000000.0,0,316.3411764705883,2887479
238,239,2023,Mercedes-Benz EQA250,벤츠,전기,0.0,4.1,4등급,0.0,소형,15000,130000,1411200,160000.0,0,0,6000000.0,0,316.3411764705883,2858545
239,240,2023,Mercedes-Benz EQA250,벤츠,전기,0.0,4.9,3등급,0.0,소형,15000,130000,1411200,160000.0,0,0,6000000.0,0,316.3411764705883,2669591
240,241,2021,Mercedes-Benz EQA250,벤츠,전기,0.0,4.0,고속(전기),0.0,소형,15000,130000,1701000,160000.0,0,0,6000000.0,0,253.07294117647066,2940023
241,242,2021,Mercedes-Benz EQA250,벤츠,전기,0.0,4.1,고속(전기),0.0,소형,15000,130000,1701000,160000.0,0,0,6000000.0,0,253.07294117647066,2916876
242,243,2022,Mercedes-Benz EQA250,벤츠,전기,0.0,4.0,고속,0.0,소형,15000,130000,1512000,160000.0,0,0,6000000.0,0,300.5241176470589,2928965
243,244,2022,Mercedes-Benz EQA250,벤츠,전기,0.0,4.1,고속,0.0,소형,15000,130000,1512000,160000.0,0,0,6000000.0,0,300.5241176470589,2901478
244,245,2024,Mercedes-Benz EQA250,벤츠,전기,0.0,4.02,4등급,0.0,소형,15000,130000,1323000,160000.0,0,0,6000000.0,0,316.3411764705883,2793377
245,246,2024,Mercedes-Benz EQA250,벤츠,전기,0.0,4.075,4등급,0.0,소형,15000,130000,1323000,160000.0,0,0,6000000.0,0,316.3411764705883,2777446
246,247,2024,Mercedes-Benz EQA250,벤츠,전기,0.0,4.12,4등급,0.0,소형,15000,130000,1323000,160000.0,0,0,6000000.0,0,316.3411764705883,2764727
247,248,2024,Mercedes-Benz EQA250,벤츠,전기,0.0,5.005,3등급,0.0,소형,15000,130000,1323000,160000.0,0,0,6000000.0,0,316.3411764705883,2561075
248,249,2024,Mercedes-Benz EQB 300 4MATIC,벤츠,전기,0.0,4.12,4등급,0.0,중형,15000,130000,1638000,280000.0,0,0,8000000.0,0,316.3411764705883,3199727
249,250,2023,Mercedes-Benz EQB300 4MATIC,벤츠,전기,0.0,4.1,4등급,0.0,중형,15000,130000,1701000,280000.0,0,0,8000000.0,0,316.3411764705883,3268345
250,251,2022,Mercedes-Benz EQB300 4MATIC,벤츠,전기,0.0,4.1,고속,0.0,중형,15000,130000,1827000,280000.0,0,0,8000000.0,0,300.5241176470589,3336478
251,252,2024,Mercedes-Benz EQB300 4MATIC,벤츠,전기,0.0,4.13,4등급,0.0,중형,15000,130000,1638000,280000.0,0,0,8000000.0,0,316.3411764705883,3196938
252,253,2023,Mercedes-Benz EQB300 4MATIC (5 Seater),벤츠,전기,0.0,4.1,4등급,0.0,중형,15000,130000,1701000,280000.0,0,0,8000000.0,0,316.3411764705883,3268345
253,254,2022,Mercedes-Benz EQB300 4MATIC (5 Seater),벤츠,전기,0.0,4.1,고속,0.0,중형,15000,130000,1827000,280000.0,0,0,8000000.0,0,300.5241176470589,3336478
254,255,2024,Mercedes-Benz EQB300 4MATIC (5 Seater),벤츠,전기,0.0,4.13,4등급,0.0,중형,15000,130000,1638000,280000.0,0,0,8000000.0,0,316.3411764705883,3196938
255,256,2023,Mercedes-Benz EQC400 4MATIC,벤츠,전기,0.0,3.1,5등급,0.0,중형,15000,130000,1701000,280000.0,0,0,8000000.0,0,316.3411764705883,3641683
256,257,2021,Mercedes-Benz EQC400 4MATIC,벤츠,전기,0.0,3.1,고속(전기),0.0,중형,15000,130000,2016000,280000.0,0,0,8000000.0,0,253.07294117647066,3650546
257,258,2022,Mercedes-Benz EQC400 4MATIC,벤츠,전기,0.0,3.1,고속,0.0,중형,15000,130000,1827000,280000.0,0,0,8000000.0,0,300.5241176470589,3691148
258,259,2024,Mercedes-Benz EQC400 4MATIC,벤츠,전기,0.0,3.11,5등급,0.0,중형,15000,130000,1638000,280000.0,0,0,8000000.0,0,316.3411764705883,3573761
259,260,2023,Mercedes-Benz EQE 350 +,벤츠,전기,0.0,4.6,3등급,0.0,중형,15000,130000,1701000,280000.0,0,0,8000000.0,0,316.3411764705883,3142547
260,261,2024,Mercedes-Benz EQE 350 +,벤츠,전기,0.0,4.565,3등급,0.0,중형,15000,130000,1638000,280000.0,0,0,8000000.0,0,316.3411764705883,3087456
261,262,2023,Mercedes-Benz EQE 350 4MATIC,벤츠,전기,0.0,4.0,4등급,0.0,중형,15000,130000,1701000,280000.0,0,0,8000000.0,0,316.3411764705883,3297279
262,263,2024,Mercedes-Benz EQE 350 4MATIC,벤츠,전기,0.0,4.0,4등급,0.0,중형,15000,130000,1638000,280000.0,0,0,8000000.0,0,316.3411764705883,3234279
263,264,2024,Mercedes-Benz EQE 350 4MATIC SUV,벤츠,전기,0.0,4.12,4등급,0.0,중형,15000,130000,1638000,280000.0,0,0,8000000.0,0,316.3411764705883,3199727
264,265,2024,Mercedes-Benz EQE 500 4MATIC SUV,벤츠,전기,0.0,4.065,4등급,0.0,중형,15000,130000,1638000,280000.0,0,0,8000000.0,0,316.3411764705883,3215310
265,266,2023,Mercedes-Benz EQE300,벤츠,전기,0.0,4.2,3등급,0.0,중형,15000,130000,1701000,280000.0,0,0,8000000.0,0,316.3411764705883,3240789
266,267,2022,Mercedes-Benz EQE300,벤츠,전기,0.0,4.2,고속,0.0,중형,15000,130000,1827000,280000.0,0,0,8000000.0,0,300.5241176470589,3310300
267,268,2024,Mercedes-Benz EQE300,벤츠,전기,0.0,4.21,3등급,0.0,중형,15000,130000,1638000,280000.0,0,0,8000000.0,0,316.3411764705883,3175106
268,269,2023,Mercedes-Benz EQE350 +,벤츠,전기,0.0,4.3,3등급,0.0,중형,15000,130000,1701000,280000.0,0,0,8000000.0,0,316.3411764705883,3214515
269,270,2022,Mercedes-Benz EQE350 +,벤츠,전기,0.0,4.3,고속,0.0,중형,15000,130000,1827000,280000.0,0,0,8000000.0,0,300.5241176470589,3285339
270,271,2024,Mercedes-Benz EQE350 +,벤츠,전기,0.0,4.32,3등급,0.0,중형,15000,130000,1638000,280000.0,0,0,8000000.0,0,316.3411764705883,3146406
271,272,2023,Mercedes-Benz EQE350 4MATIC,벤츠,전기,0.0,4.0,4등급,0.0,중형,15000,130000,1701000,280000.0,0,0,8000000.0,0,316.3411764705883,3297279
272,273,2022,Mercedes-Benz EQE350 4MATIC,벤츠,전기,0.0,4.0,고속,0.0,중형,15000,130000,1827000,280000.0,0,0,8000000.0,0,300.5241176470589,3363965
273,274,2024,Mercedes-Benz EQE350 4MATIC,벤츠,전기,0.0,4.01,4등급,0.0,중형,15000,130000,1638000,280000.0,0,0,8000000.0,0,316.3411764705883,3231321
274,275,2023,Mercedes-Benz EQE350 4MATIC SUV,벤츠,전기,0.0,3.9,4등급,0.0,중형,15000,130000,1701000,280000.0,0,0,8000000.0,0,316.3411764705883,3327696
275,276,2024,Mercedes-Benz EQE350 4MATIC SUV,벤츠,전기,0.0,3.865,4등급,0.0,중형,15000,130000,1638000,280000.0,0,0,8000000.0,0,316.3411764705883,3275714
276,277,2023,Mercedes-Benz EQE500 4MATIC SUV,벤츠,전기,0.0,3.8,4등급,0.0,중형,15000,130000,1701000,280000.0,0,0,8000000.0,0,316.3411764705883,3359715
277,278,2024,Mercedes-Benz EQE500 4MATIC SUV,벤츠,전기,0.0,3.765,4등급,0.0,중형,15000,130000,1638000,280000.0,0,0,8000000.0,0,316.3411764705883,3308323
278,279,2023,Mercedes-Benz EQS 450 +,벤츠,전기,0.0,4.2,3등급,0.0,대형,15000,130000,2142000,520000.0,0,0,10000000.0,0,316.3411764705883,3921789
279,280,2024,Mercedes-Benz EQS 450 +,벤츠,전기,0.0,4.145,3등급,0.0,대형,15000,130000,2079000,520000.0,0,0,10000000.0,0,316.3411764705883,3873781
280,281,2023,Mercedes-Benz EQS 450 4MATIC,벤츠,전기,0.0,4.0,4등급,0.0,대형,15000,130000,2142000,520000.0,0,0,10000000.0,0,316.3411764705883,3978279
281,282,2024,Mercedes-Benz EQS 450 4MATIC,벤츠,전기,0.0,3.955,4등급,0.0,대형,15000,130000,2079000,520000.0,0,0,10000000.0,0,316.3411764705883,3928776
282,283,2024,Mercedes-Benz EQS 450 4MATIC SUV,벤츠,전기,0.0,3.71,4등급,0.0,대형,15000,130000,2079000,520000.0,0,0,10000000.0,0,316.3411764705883,4008007
283,284,2024,Mercedes-Benz EQS 580 4MATIC SUV,벤츠,전기,0.0,3.555,4등급,0.0,대형,15000,130000,2079000,520000.0,0,0,10000000.0,0,316.3411764705883,4063772
284,285,2022,Mercedes-Benz EQS350,벤츠,전기,0.0,4.0,고속,0.0,대형,15000,130000,2331000,520000.0,0,0,10000000.0,0,300.5241176470589,4107965
285,286,2023,Mercedes-Benz EQS350,벤츠,전기,0.0,4.0,4등급,0.0,대형,15000,130000,2142000,520000.0,0,0,10000000.0,0,316.3411764705883,3978279
286,287,2024,Mercedes-Benz EQS350,벤츠,전기,0.0,4.065,4등급,0.0,대형,15000,130000,2079000,520000.0,0,0,10000000.0,0,316.3411764705883,3896310
287,288,2021,Mercedes-Benz EQS450 +,벤츠,전기,0.0,3.8,고속(전기),0.0,대형,15000,130000,2457000,520000.0,0,0,10000000.0,0,253.07294117647066,4105972
288,289,2022,Mercedes-Benz EQS450 +,벤츠,전기,0.0,3.8,고속,0.0,대형,15000,130000,2331000,520000.0,0,0,10000000.0,0,300.5241176470589,4167279
289,290,2023,Mercedes-Benz EQS450 +,벤츠,전기,0.0,3.8,4등급,0.0,대형,15000,130000,2142000,520000.0,0,0,10000000.0,0,316.3411764705883,4040715
290,291,2024,Mercedes-Benz EQS450 +,벤츠,전기,0.0,3.755,4등급,0.0,대형,15000,130000,2079000,520000.0,0,0,10000000.0,0,316.3411764705883,3992679
291,292,2022,Mercedes-Benz EQS450 4MATIC,벤츠,전기,0.0,3.5,고속,0.0,대형,15000,130000,2331000,520000.0,0,0,10000000.0,0,300.5241176470589,4268960
292,293,2023,Mercedes-Benz EQS450 4MATIC,벤츠,전기,0.0,3.5,4등급,0.0,대형,15000,130000,2142000,520000.0,0,0,10000000.0,0,316.3411764705883,4147747
293,294,2024,Mercedes-Benz EQS450 4MATIC,벤츠,전기,0.0,3.545,4등급,0.0,대형,15000,130000,2079000,520000.0,0,0,10000000.0,0,316.3411764705883,4067538
294,295,2022,Mercedes-Benz EQS450 4MATIC SUV,벤츠,전기,0.0,3.6,고속,0.0,대형,15000,130000,2331000,520000.0,0,0,10000000.0,0,300.5241176470589,4233183
295,296,2023,Mercedes-Benz EQS450 4MATIC SUV,벤츠,전기,0.0,3.6,4등급,0.0,대형,15000,130000,2142000,520000.0,0,0,10000000.0,0,316.3411764705883,4110088
296,297,2024,Mercedes-Benz EQS450 4MATIC SUV,벤츠,전기,0.0,3.61,4등급,0.0,대형,15000,130000,2079000,520000.0,0,0,10000000.0,0,316.3411764705883,4043437
297,298,2022,Mercedes-Benz EQS450 4MATIC SUV(5seats),벤츠,전기,0.0,3.6,고속,0.0,대형,15000,130000,2331000,520000.0,0,0,10000000.0,0,300.5241176470589,4233183
298,299,2023,Mercedes-Benz EQS450 4MATIC SUV(5seats),벤츠,전기,0.0,3.6,4등급,0.0,대형,15000,130000,2142000,520000.0,0,0,10000000.0,0,316.3411764705883,4110088
299,300,2024,Mercedes-Benz EQS450 4MATIC SUV(5seats),벤츠,전기,0.0,3.61,4등급,0.0,대형,15000,130000,2079000,520000.0,0,0,10000000.0,0,316.3411764705883,4043437
300,301,2022,Mercedes-Benz EQS580 4MATIC SUV,벤츠,전기,0.0,3.5,고속,0.0,대형,15000,130000,2331000,520000.0,0,0,10000000.0,0,300.5241176470589,4268960
301,302,2023,Mercedes-Benz EQS580 4MATIC SUV,벤츠,전기,0.0,3.5,4등급,0.0,대형,15000,130000,2142000,520000.0,0,0,10000000.0,0,316.3411764705883,4147747
302,303,2024,Mercedes-Benz EQS580 4MATIC SUV,벤츠,전기,0.0,3.51,4등급,0.0,대형,15000,130000,2079000,520000.0,0,0,10000000.0,0,316.3411764705883,4080885
303,304,2022,Mercedes-Benz EQS580 4MATIC SUV(5seats),벤츠,전기,0.0,3.5,고속,0.0,대형,15000,130000,2331000,520000.0,0,0,10000000.0,0,300.5241176470589,4268960
304,305,2023,Mercedes-Benz EQS580 4MATIC SUV(5seats),벤츠,전기,0.0,3.5,4등급,0.0,대형,15000,130000,2142000,520000.0,0,0,10000000.0,0,316.3411764705883,4147747
305,306,2024,Mercedes-Benz EQS580 4MATIC SUV(5seats),벤츠,전기,0.0,3.51,4등급,0.0,대형,15000,130000,2079000,520000.0,0,0,10000000.0,0,316.3411764705883,4080885
306,307,2024,Mercedes-Benz G 580 with EQ Technology,벤츠,전기,0.0,2.975,5등급,0.0,중형,15000,130000,1638000,280000.0,0,0,8000000.0,0,316.3411764705883,3642997
307,308,2024,Mercedes-Maybach EQS 680 SUV,벤츠,전기,0.0,3.5,4등급,0.0,대형,15000,130000,2079000,520000.0,0,0,10000000.0,0,316.3411764705883,4084747
308,309,2023,MINI Cooper SE,MINI,전기,0.0,4.5,3등급,0.0,중형,15000,130000,1701000,280000.0,0,0,8000000.0,0,316.3411764705883,3165470
309,310,2022,MINI Cooper SE,MINI,전기,0.0,4.5,고속,0.0,중형,15000,130000,1827000,280000.0,0,0,8000000.0,0,300.5241176470589,3238747
310,311,2024,MINI Cooper SE,MINI,전기,0.0,4.53,3등급,0.0,중형,15000,130000,1638000,280000.0,0,0,8000000.0,0,316.3411764705883,3095487
311,312,2024,MINI Cooper SE,MINI,전기,0.0,5.33,2등급,0.0,중형,15000,130000,1638000,280000.0,0,0,8000000.0,0,316.3411764705883,2938265
312,313,2024,MINI Countryman E,MINI,전기,0.0,4.765,3등급,0.0,중형,15000,130000,1638000,280000.0,0,0,8000000.0,0,316.3411764705883,3043827
313,314,2024,MINI Countryman SE ALL4,MINI,전기,0.0,4.465,3등급,0.0,중형,15000,130000,1638000,280000.0,0,0,8000000.0,0,316.3411764705883,3110736
314,315,2019,Model 3 Long Range,테슬라코리아 유한회사,전기,0.0,5.0,고속,0.0,중형,15000,130000,2167200,280000.0,0,0,8000000.0,0,158.17058823529416,3051711
315,316,2020,Model 3 Long Range,테슬라코리아 유한회사,전기,0.0,5.0,고속,0.0,중형,15000,130000,2116800,280000.0,0,0,8000000.0,0,189.80470588235298,3096214
316,317,2021,Model 3 Long Range,테슬라코리아 유한회사,전기,0.0,5.0,고속(전기),0.0,중형,15000,130000,2016000,280000.0,0,0,8000000.0,0,253.07294117647066,3185218
317,318,2021,Model 3 Long Range,테슬라코리아 유한회사,전기,0.0,5.6,고속(전기),0.0,중형,15000,130000,2016000,280000.0,0,0,8000000.0,0,253.07294117647066,3103873
318,319,2022,Model 3 Long Range,테슬라코리아 유한회사,전기,0.0,5.0,고속,0.0,중형,15000,130000,1827000,280000.0,0,0,8000000.0,0,300.5241176470589,3138572
319,320,2022,Model 3 Long Range,테슬라코리아 유한회사,전기,0.0,5.6,고속,0.0,중형,15000,130000,1827000,280000.0,0,0,8000000.0,0,300.5241176470589,3041975
320,321,2023,Model 3 Long Range,테슬라코리아 유한회사,전기,0.0,5.0,2등급,0.0,중형,15000,130000,1701000,280000.0,0,0,8000000.0,0,316.3411764705883,3060023
321,322,2023,Model 3 Long Range,테슬라코리아 유한회사,전기,0.0,5.6,2등급,0.0,중형,15000,130000,1701000,280000.0,0,0,8000000.0,0,316.3411764705883,2958342
322,323,2024,Model 3 Long Range,테슬라코리아 유한회사,전기,0.0,5.475,2등급,0.0,중형,15000,130000,1638000,280000.0,0,0,8000000.0,0,316.3411764705883,2914688
323,324,2019,Model 3 Performance,테슬라코리아 유한회사,전기,0.0,4.7,고속,0.0,중형,15000,130000,2167200,280000.0,0,0,8000000.0,0,158.17058823529416,3081999
324,325,2020,Model 3 Performance,테슬라코리아 유한회사,전기,0.0,4.7,고속,0.0,중형,15000,130000,2116800,280000.0,0,0,8000000.0,0,189.80470588235298,3132559
325,326,2021,Model 3 Performance,테슬라코리아 유한회사,전기,0.0,4.7,고속(전기),0.0,중형,15000,130000,2016000,280000.0,0,0,8000000.0,0,253.07294117647066,3233679
326,327,2021,Model 3 Performance,테슬라코리아 유한회사,전기,0.0,5.1,고속(전기),0.0,중형,15000,130000,2016000,280000.0,0,0,8000000.0,0,253.07294117647066,3170332
327,328,2022,Model 3 Performance,테슬라코리아 유한회사,전기,0.0,4.7,고속,0.0,중형,15000,130000,1827000,280000.0,0,0,8000000.0,0,300.5241176470589,3196119
328,329,2022,Model 3 Performance,테슬라코리아 유한회사,전기,0.0,5.1,고속,0.0,중형,15000,130000,1827000,280000.0,0,0,8000000.0,0,300.5241176470589,3120894
329,330,2023,Model 3 Performance,테슬라코리아 유한회사,전기,0.0,4.7,3등급,0.0,중형,15000,130000,1701000,280000.0,0,0,8000000.0,0,316.3411764705883,3120599
330,331,2023,Model 3 Performance,테슬라코리아 유한회사,전기,0.0,5.1,2등급,0.0,중형,15000,130000,1701000,280000.0,0,0,8000000.0,0,316.3411764705883,3041415
331,332,2024,Model 3 Performance,테슬라코리아 유한회사,전기,0.0,4.82,3등급,0.0,중형,15000,130000,1638000,280000.0,0,0,8000000.0,0,316.3411764705883,3032464
332,333,2022,Model 3 RWD,테슬라코리아 유한회사,전기,0.0,5.7,고속,0.0,중형,15000,130000,1827000,280000.0,0,0,8000000.0,0,300.5241176470589,3027852
333,334,2023,Model 3 RWD,테슬라코리아 유한회사,전기,0.0,5.7,2등급,0.0,중형,15000,130000,1701000,280000.0,0,0,8000000.0,0,316.3411764705883,2943476
334,335,2024,Model 3 RWD,테슬라코리아 유한회사,전기,0.0,5.685,2등급,0.0,중형,15000,130000,1638000,280000.0,0,0,8000000.0,0,316.3411764705883,2882673
335,336,2019,Model 3 Standard Range Plus RWD,테슬라코리아 유한회사,전기,0.0,5.8,고속,0.0,중형,15000,130000,2167200,280000.0,0,0,8000000.0,0,158.17058823529416,2986261
336,337,2020,Model 3 Standard Range Plus RWD,테슬라코리아 유한회사,전기,0.0,5.8,고속,0.0,중형,15000,130000,2116800,280000.0,0,0,8000000.0,0,189.80470588235298,3017674
337,338,2021,Model 3 Standard Range Plus RWD,테슬라코리아 유한회사,전기,0.0,5.8,고속(전기),0.0,중형,15000,130000,2016000,280000.0,0,0,8000000.0,0,253.07294117647066,3080498
338,339,2021,Model 3 Standard Range Plus RWD,테슬라코리아 유한회사,전기,0.0,6.1,고속(전기),0.0,중형,15000,130000,2016000,280000.0,0,0,8000000.0,0,253.07294117647066,3048310
339,340,2022,Model 3 Standard Range Plus RWD,테슬라코리아 유한회사,전기,0.0,5.8,고속,0.0,중형,15000,130000,1827000,280000.0,0,0,8000000.0,0,300.5241176470589,3014217
340,341,2022,Model 3 Standard Range Plus RWD,테슬라코리아 유한회사,전기,0.0,6.1,고속,0.0,중형,15000,130000,1827000,280000.0,0,0,8000000.0,0,300.5241176470589,2975993
341,342,2023,Model 3 Standard Range Plus RWD,테슬라코리아 유한회사,전기,0.0,5.8,1등급,0.0,중형,15000,130000,1701000,280000.0,0,0,8000000.0,0,316.3411764705883,2929123
342,343,2023,Model 3 Standard Range Plus RWD,테슬라코리아 유한회사,전기,0.0,6.1,1등급,0.0,중형,15000,130000,1701000,280000.0,0,0,8000000.0,0,316.3411764705883,2888888
343,344,2019,Model S 100D,테슬라코리아 유한회사,전기,0.0,4.0,고속,0.0,대형,15000,130000,2646000,520000.0,0,0,10000000.0,0,158.17058823529416,3889139
344,345,2020,Model S 100D,테슬라코리아 유한회사,전기,0.0,4.0,고속,0.0,대형,15000,130000,2583000,520000.0,0,0,10000000.0,0,189.80470588235298,3944767
345,346,2021,Model S 100D,테슬라코리아 유한회사,전기,0.0,4.0,고속(전기),0.0,대형,15000,130000,2457000,520000.0,0,0,10000000.0,0,253.07294117647066,4056023
346,347,2022,Model S 100D,테슬라코리아 유한회사,전기,0.0,4.0,고속,0.0,대형,15000,130000,2331000,520000.0,0,0,10000000.0,0,300.5241176470589,4107965
347,348,2023,Model S 100D,테슬라코리아 유한회사,전기,0.0,4.0,4등급,0.0,대형,15000,130000,2142000,520000.0,0,0,10000000.0,0,316.3411764705883,3978279
348,349,2019,Model S 75D,테슬라코리아 유한회사,전기,0.0,4.3,고속,0.0,대형,15000,130000,2646000,520000.0,0,0,10000000.0,0,158.17058823529416,3847757
349,350,2020,Model S 75D,테슬라코리아 유한회사,전기,0.0,4.3,고속,0.0,대형,15000,130000,2583000,520000.0,0,0,10000000.0,0,189.80470588235298,3895109
350,351,2021,Model S 75D,테슬라코리아 유한회사,전기,0.0,4.3,고속(전기),0.0,대형,15000,130000,2457000,520000.0,0,0,10000000.0,0,253.07294117647066,3989812
351,352,2022,Model S 75D,테슬라코리아 유한회사,전기,0.0,4.3,고속,0.0,대형,15000,130000,2331000,520000.0,0,0,10000000.0,0,300.5241176470589,4029339
352,353,2023,Model S 75D,테슬라코리아 유한회사,전기,0.0,4.3,3등급,0.0,대형,15000,130000,2142000,520000.0,0,0,10000000.0,0,316.3411764705883,3895515
353,354,2022,Model S AWD,테슬라코리아 유한회사,전기,0.0,4.5,고속,0.0,대형,15000,130000,2331000,520000.0,0,0,10000000.0,0,300.5241176470589,3982747
354,355,2023,Model S AWD,테슬라코리아 유한회사,전기,0.0,4.5,3등급,0.0,대형,15000,130000,2142000,520000.0,0,0,10000000.0,0,316.3411764705883,3846470
355,356,2023,Model S AWD,테슬라코리아 유한회사,전기,0.0,4.8,3등급,0.0,대형,15000,130000,2142000,520000.0,0,0,10000000.0,0,316.3411764705883,3780566
356,357,2024,Model S AWD,테슬라코리아 유한회사,전기,0.0,4.82,3등급,0.0,대형,15000,130000,2079000,520000.0,0,0,10000000.0,0,316.3411764705883,3713464
357,358,2019,Model S Long Range,테슬라코리아 유한회사,전기,0.0,4.3,고속,0.0,대형,15000,130000,2646000,520000.0,0,0,10000000.0,0,158.17058823529416,3847757
358,359,2020,Model S Long Range,테슬라코리아 유한회사,전기,0.0,4.3,고속,0.0,대형,15000,130000,2583000,520000.0,0,0,10000000.0,0,189.80470588235298,3895109
359,360,2021,Model S Long Range,테슬라코리아 유한회사,전기,0.0,4.3,고속(전기),0.0,대형,15000,130000,2457000,520000.0,0,0,10000000.0,0,253.07294117647066,3989812
360,361,2022,Model S Long Range,테슬라코리아 유한회사,전기,0.0,4.3,고속,0.0,대형,15000,130000,2331000,520000.0,0,0,10000000.0,0,300.5241176470589,4029339
361,362,2023,Model S Long Range,테슬라코리아 유한회사,전기,0.0,4.3,3등급,0.0,대형,15000,130000,2142000,520000.0,0,0,10000000.0,0,316.3411764705883,3895515
362,363,2019,Model S Long Range Plus,테슬라코리아 유한회사,전기,0.0,4.4,고속,0.0,대형,15000,130000,2646000,520000.0,0,0,10000000.0,0,158.17058823529416,3835217
363,364,2021,Model S Long Range Plus,테슬라코리아 유한회사,전기,0.0,4.4,고속(전기),0.0,대형,15000,130000,2457000,520000.0,0,0,10000000.0,0,253.07294117647066,3969748
364,365,2022,Model S Long Range Plus,테슬라코리아 유한회사,전기,0.0,4.4,고속,0.0,대형,15000,130000,2331000,520000.0,0,0,10000000.0,0,300.5241176470589,4005514
365,366,2023,Model S Long Range Plus,테슬라코리아 유한회사,전기,0.0,4.4,3등급,0.0,대형,15000,130000,2142000,520000.0,0,0,10000000.0,0,316.3411764705883,3870435
366,367,2019,Model S P100D,테슬라코리아 유한회사,전기,0.0,3.8,고속,0.0,대형,15000,130000,2646000,520000.0,0,0,10000000.0,0,158.17058823529416,3920357
367,368,2019,Model S Performance,테슬라코리아 유한회사,전기,0.0,4.2,고속,0.0,대형,15000,130000,2646000,520000.0,0,0,10000000.0,0,158.17058823529416,3860894
368,369,2019,Model S Performance,테슬라코리아 유한회사,전기,0.0,4.3,고속,0.0,대형,15000,130000,2646000,520000.0,0,0,10000000.0,0,158.17058823529416,3847757
369,370,2020,Model S Performance,테슬라코리아 유한회사,전기,0.0,4.2,고속,0.0,대형,15000,130000,2583000,520000.0,0,0,10000000.0,0,189.80470588235298,3910873
370,371,2021,Model S Performance,테슬라코리아 유한회사,전기,0.0,4.2,고속(전기),0.0,대형,15000,130000,2457000,520000.0,0,0,10000000.0,0,253.07294117647066,4010831
371,372,2021,Model S Performance,테슬라코리아 유한회사,전기,0.0,4.3,고속(전기),0.0,대형,15000,130000,2457000,520000.0,0,0,10000000.0,0,253.07294117647066,3989812
372,373,2022,Model S Performance,테슬라코리아 유한회사,전기,0.0,4.3,고속,0.0,대형,15000,130000,2331000,520000.0,0,0,10000000.0,0,300.5241176470589,4029339
373,374,2022,Model S Performance,테슬라코리아 유한회사,전기,0.0,4.2,고속,0.0,대형,15000,130000,2331000,520000.0,0,0,10000000.0,0,300.5241176470589,4054300
374,375,2023,Model S Performance,테슬라코리아 유한회사,전기,0.0,4.2,3등급,0.0,대형,15000,130000,2142000,520000.0,0,0,10000000.0,0,316.3411764705883,3921789
375,376,2023,Model S Performance,테슬라코리아 유한회사,전기,0.0,4.3,3등급,0.0,대형,15000,130000,2142000,520000.0,0,0,10000000.0,0,316.3411764705883,3895515
376,377,2022,Model S Plaid,테슬라코리아 유한회사,전기,0.0,4.1,고속,0.0,대형,15000,130000,2331000,520000.0,0,0,10000000.0,0,300.5241176470589,4080478
377,378,2023,Model S Plaid,테슬라코리아 유한회사,전기,0.0,4.1,4등급,0.0,대형,15000,130000,2142000,520000.0,0,0,10000000.0,0,316.3411764705883,3949345
378,379,2024,Model S Plaid,테슬라코리아 유한회사,전기,0.0,4.11,4등급,0.0,대형,15000,130000,2079000,520000.0,0,0,10000000.0,0,316.3411764705883,3883529
379,380,2019,Model X 100D,테슬라코리아 유한회사,전기,0.0,4.1,고속,0.0,대형,15000,130000,2646000,520000.0,0,0,10000000.0,0,158.17058823529416,3874672
380,381,2019,Model X 100D,테슬라코리아 유한회사,전기,0.0,3.4,고속,0.0,대형,15000,130000,2646000,520000.0,0,0,10000000.0,0,158.17058823529416,3993811
381,382,2019,Model X 75D,테슬라코리아 유한회사,전기,0.0,3.4,고속,0.0,대형,15000,130000,2646000,520000.0,0,0,10000000.0,0,158.17058823529416,3993811
382,383,2019,Model X 75D,테슬라코리아 유한회사,전기,0.0,4.1,고속,0.0,대형,15000,130000,2646000,520000.0,0,0,10000000.0,0,158.17058823529416,3874672
383,384,2022,Model X AWD,테슬라코리아 유한회사,전기,0.0,4.3,고속,0.0,대형,15000,130000,2331000,520000.0,0,0,10000000.0,0,300.5241176470589,4029339
384,385,2023,Model X AWD,테슬라코리아 유한회사,전기,0.0,4.2,3등급,0.0,대형,15000,130000,2142000,520000.0,0,0,10000000.0,0,316.3411764705883,3921789
385,386,2023,Model X AWD,테슬라코리아 유한회사,전기,0.0,4.3,3등급,0.0,대형,15000,130000,2142000,520000.0,0,0,10000000.0,0,316.3411764705883,3895515
386,387,2024,Model X AWD,테슬라코리아 유한회사,전기,0.0,4.265,3등급,0.0,대형,15000,130000,2079000,520000.0,0,0,10000000.0,0,316.3411764705883,3841571
387,388,2019,Model X Long Range,테슬라코리아 유한회사,전기,0.0,3.9,고속,0.0,대형,15000,130000,2646000,520000.0,0,0,10000000.0,0,158.17058823529416,3904348
388,389,2020,Model X Long Range,테슬라코리아 유한회사,전기,0.0,3.9,고속,0.0,대형,15000,130000,2583000,520000.0,0,0,10000000.0,0,189.80470588235298,3963018
389,390,2021,Model X Long Range,테슬라코리아 유한회사,전기,0.0,3.9,고속(전기),0.0,대형,15000,130000,2457000,520000.0,0,0,10000000.0,0,253.07294117647066,4080357
390,391,2022,Model X Long Range,테슬라코리아 유한회사,전기,0.0,3.9,고속,0.0,대형,15000,130000,2331000,520000.0,0,0,10000000.0,0,300.5241176470589,4136861
391,392,2023,Model X Long Range,테슬라코리아 유한회사,전기,0.0,3.9,4등급,0.0,대형,15000,130000,2142000,520000.0,0,0,10000000.0,0,316.3411764705883,4008696
392,393,2019,Model X Long Range Plus,테슬라코리아 유한회사,전기,0.0,4.0,고속,0.0,대형,15000,130000,2646000,520000.0,0,0,10000000.0,0,158.17058823529416,3889139
393,394,2021,Model X Long Range Plus,테슬라코리아 유한회사,전기,0.0,4.0,고속(전기),0.0,대형,15000,130000,2457000,520000.0,0,0,10000000.0,0,253.07294117647066,4056023
394,395,2022,Model X Long Range Plus,테슬라코리아 유한회사,전기,0.0,4.0,고속,0.0,대형,15000,130000,2331000,520000.0,0,0,10000000.0,0,300.5241176470589,4107965
395,396,2023,Model X Long Range Plus,테슬라코리아 유한회사,전기,0.0,4.0,4등급,0.0,대형,15000,130000,2142000,520000.0,0,0,10000000.0,0,316.3411764705883,3978279
396,397,2019,Model X P100D,테슬라코리아 유한회사,전기,0.0,3.1,고속,0.0,대형,15000,130000,2646000,520000.0,0,0,10000000.0,0,158.17058823529416,4061341
397,398,2019,Model X Performance,테슬라코리아 유한회사,전기,0.0,3.7,고속,0.0,대형,15000,130000,2646000,520000.0,0,0,10000000.0,0,158.17058823529416,3937232
398,399,2019,Model X Performance,테슬라코리아 유한회사,전기,0.0,3.8,고속,0.0,대형,15000,130000,2646000,520000.0,0,0,10000000.0,0,158.17058823529416,3920357
399,400,2020,Model X Performance,테슬라코리아 유한회사,전기,0.0,3.7,고속,0.0,대형,15000,130000,2583000,520000.0,0,0,10000000.0,0,189.80470588235298,4002478
400,401,2021,Model X Performance,테슬라코리아 유한회사,전기,0.0,3.7,고속(전기),0.0,대형,15000,130000,2457000,520000.0,0,0,10000000.0,0,253.07294117647066,4132971
401,402,2021,Model X Performance,테슬라코리아 유한회사,전기,0.0,3.8,고속(전기),0.0,대형,15000,130000,2457000,520000.0,0,0,10000000.0,0,253.07294117647066,4105972
402,403,2022,Model X Performance,테슬라코리아 유한회사,전기,0.0,3.7,고속,0.0,대형,15000,130000,2331000,520000.0,0,0,10000000.0,0,300.5241176470589,4199341
403,404,2022,Model X Performance,테슬라코리아 유한회사,전기,0.0,3.8,고속,0.0,대형,15000,130000,2331000,520000.0,0,0,10000000.0,0,300.5241176470589,4167279
404,405,2023,Model X Performance,테슬라코리아 유한회사,전기,0.0,3.7,4등급,0.0,대형,15000,130000,2142000,520000.0,0,0,10000000.0,0,316.3411764705883,4074464
405,406,2023,Model X Performance,테슬라코리아 유한회사,전기,0.0,3.8,4등급,0.0,대형,15000,130000,2142000,520000.0,0,0,10000000.0,0,316.3411764705883,4040715
406,407,2022,Model X Plaid,테슬라코리아 유한회사,전기,0.0,4.1,고속,0.0,대형,15000,130000,2331000,520000.0,0,0,10000000.0,0,300.5241176470589,4080478
407,408,2023,Model X Plaid,테슬라코리아 유한회사,전기,0.0,3.8,4등급,0.0,대형,15000,130000,2142000,520000.0,0,0,10000000.0,0,316.3411764705883,4040715
408,409,2023,Model X Plaid,테슬라코리아 유한회사,전기,0.0,4.1,4등급,0.0,대형,15000,130000,2142000,520000.0,0,0,10000000.0,0,316.3411764705883,3949345
409,410,2024,Model X Plaid,테슬라코리아 유한회사,전기,0.0,3.81,4등급,0.0,대형,15000,130000,2079000,520000.0,0,0,10000000.0,0,316.3411764705883,3974437
410,411,2021,Model Y Long Range,테슬라코리아 유한회사,전기,0.0,5.4,고속(전기),0.0,중형,15000,130000,2016000,280000.0,0,0,8000000.0,0,253.07294117647066,3128980
411,412,2022,Model Y Long Range,테슬라코리아 유한회사,전기,0.0,5.4,고속,0.0,중형,15000,130000,1827000,280000.0,0,0,8000000.0,0,300.5241176470589,3071789
412,413,2023,Model Y Long Range,테슬라코리아 유한회사,전기,0.0,5.4,2등급,0.0,중형,15000,130000,1701000,280000.0,0,0,8000000.0,0,316.3411764705883,2989725
413,414,2024,Model Y Long Range,테슬라코리아 유한회사,전기,0.0,4.875,3등급,0.0,중형,15000,130000,1638000,280000.0,0,0,8000000.0,0,316.3411764705883,3021357
414,415,2024,Model Y Long Range,테슬라코리아 유한회사,전기,0.0,5.275,2등급,0.0,중형,15000,130000,1638000,280000.0,0,0,8000000.0,0,316.3411764705883,2947548
415,416,2021,Model Y Performance,테슬라코리아 유한회사,전기,0.0,4.8,고속(전기),0.0,중형,15000,130000,2016000,280000.0,0,0,8000000.0,0,253.07294117647066,3216852
416,417,2022,Model Y Performance,테슬라코리아 유한회사,전기,0.0,4.8,고속,0.0,중형,15000,130000,1827000,280000.0,0,0,8000000.0,0,300.5241176470589,3176137
417,418,2023,Model Y Performance,테슬라코리아 유한회사,전기,0.0,4.8,3등급,0.0,중형,15000,130000,1701000,280000.0,0,0,8000000.0,0,316.3411764705883,3099566
418,419,2024,Model Y Performance,테슬라코리아 유한회사,전기,0.0,5.075,2등급,0.0,중형,15000,130000,1638000,280000.0,0,0,8000000.0,0,316.3411764705883,2982998
419,420,2023,Model Y RWD,테슬라코리아 유한회사,전기,0.0,5.1,2등급,0.0,중형,15000,130000,1701000,280000.0,0,0,8000000.0,0,316.3411764705883,3041415
420,421,2024,Model Y RWD,테슬라코리아 유한회사,전기,0.0,5.075,2등급,0.0,중형,15000,130000,1638000,280000.0,0,0,8000000.0,0,316.3411764705883,2982998
421,422,2024,Model Y RWD,테슬라코리아 유한회사,전기,0.0,5.13,2등급,0.0,중형,15000,130000,1638000,280000.0,0,0,8000000.0,0,316.3411764705883,2972974
422,423,2021,Model Y Standard Range,테슬라코리아 유한회사,전기,0.0,5.6,고속(전기),0.0,중형,15000,130000,2016000,280000.0,0,0,8000000.0,0,253.07294117647066,3103873
423,424,2022,Model Y Standard Range,테슬라코리아 유한회사,전기,0.0,5.6,고속,0.0,중형,15000,130000,1827000,280000.0,0,0,8000000.0,0,300.5241176470589,3041975
424,425,2023,Model Y Standard Range,테슬라코리아 유한회사,전기,0.0,5.6,2등급,0.0,중형,15000,130000,1701000,280000.0,0,0,8000000.0,0,316.3411764705883,2958342
425,426,2023,Q4 40 e-tron,아우디,전기,0.0,4.7,3등급,0.0,중형,15000,130000,1701000,280000.0,0,0,8000000.0,0,316.3411764705883,3120599
426,427,2024,Q4 40 e-tron,아우디,전기,0.0,4.685,3등급,0.0,중형,15000,130000,1638000,280000.0,0,0,8000000.0,0,316.3411764705883,3060831
427,428,2024,Q4 45 e-tron,아우디,전기,0.0,4.685,3등급,0.0,중형,15000,130000,1638000,280000.0,0,0,8000000.0,0,316.3411764705883,3060831
428,429,2022,Q4 e-tron 40,아우디,전기,0.0,4.3,고속,0.0,중형,15000,130000,1827000,280000.0,0,0,8000000.0,0,300.5241176470589,3285339
429,430,2023,Q4 e-tron 40,아우디,전기,0.0,4.2,3등급,0.0,중형,15000,130000,1701000,280000.0,0,0,8000000.0,0,316.3411764705883,3240789
430,431,2023,Q4 e-tron 40,아우디,전기,0.0,4.3,3등급,0.0,중형,15000,130000,1701000,280000.0,0,0,8000000.0,0,316.3411764705883,3214515
431,432,2024,Q4 e-tron 40,아우디,전기,0.0,4.23,3등급,0.0,중형,15000,130000,1638000,280000.0,0,0,8000000.0,0,316.3411764705883,3169777
432,433,2024,Q4 e-tron 40,아우디,전기,0.0,4.33,3등급,0.0,중형,15000,130000,1638000,280000.0,0,0,8000000.0,0,316.3411764705883,3143870
433,434,2023,Q4 Sportback 40 e-tron,아우디,전기,0.0,4.8,3등급,0.0,중형,15000,130000,1701000,280000.0,0,0,8000000.0,0,316.3411764705883,3099566
434,435,2024,Q4 Sportback 40 e-tron,아우디,전기,0.0,4.785,3등급,0.0,중형,15000,130000,1638000,280000.0,0,0,8000000.0,0,316.3411764705883,3039665
435,436,2024,Q4 Sportback 45 e-tron,아우디,전기,0.0,4.685,3등급,0.0,중형,15000,130000,1638000,280000.0,0,0,8000000.0,0,316.3411764705883,3060831
436,437,2022,Q4 Sportback e-tron 40,아우디,전기,0.0,4.1,고속,0.0,중형,15000,130000,1827000,280000.0,0,0,8000000.0,0,300.5241176470589,3336478
437,438,2023,Q4 Sportback e-tron 40,아우디,전기,0.0,4.1,4등급,0.0,중형,15000,130000,1701000,280000.0,0,0,8000000.0,0,316.3411764705883,3268345
438,439,2023,Q4 Sportback e-tron 40,아우디,전기,0.0,4.2,3등급,0.0,중형,15000,130000,1701000,280000.0,0,0,8000000.0,0,316.3411764705883,3240789
439,440,2024,Q4 Sportback e-tron 40,아우디,전기,0.0,4.175,3등급,0.0,중형,15000,130000,1638000,280000.0,0,0,8000000.0,0,316.3411764705883,3184555
440,441,2024,Q4 Sportback e-tron 40,아우디,전기,0.0,4.175,4등급,0.0,중형,15000,130000,1638000,280000.0,0,0,8000000.0,0,316.3411764705883,3184555
441,442,2023,Q8 50 e-tron uattro,아우디,전기,0.0,3.0,5등급,0.0,중형,15000,130000,1701000,280000.0,0,0,8000000.0,0,316.3411764705883,3692705
442,443,2024,Q8 50 e-tron uattro,아우디,전기,0.0,3.0,5등급,0.0,중형,15000,130000,1638000,280000.0,0,0,8000000.0,0,316.3411764705883,3629705
443,444,2023,Q8 55 e-tron uattro,아우디,전기,0.0,3.0,5등급,0.0,중형,15000,130000,1701000,280000.0,0,0,8000000.0,0,316.3411764705883,3692705
444,445,2024,Q8 55 e-tron uattro,아우디,전기,0.0,3.045,5등급,0.0,중형,15000,130000,1638000,280000.0,0,0,8000000.0,0,316.3411764705883,3606330
445,446,2023,Q8 Sportback 55 e-tron uattro,아우디,전기,0.0,2.9,5등급,0.0,중형,15000,130000,1701000,280000.0,0,0,8000000.0,0,316.3411764705883,3747247
446,447,2024,Q8 Sportback 55 e-tron uattro,아우디,전기,0.0,2.945,5등급,0.0,중형,15000,130000,1638000,280000.0,0,0,8000000.0,0,316.3411764705883,3659245
447,448,2021,RS e-tron GT,아우디,전기,0.0,3.4,고속(전기),0.0,중형,15000,130000,2016000,280000.0,0,0,8000000.0,0,253.07294117647066,3542498
448,449,2022,RS e-tron GT,아우디,전기,0.0,3.4,고속,0.0,중형,15000,130000,1827000,280000.0,0,0,8000000.0,0,300.5241176470589,3562841
449,450,2023,RS e-tron GT,아우디,전기,0.0,3.4,4등급,0.0,중형,15000,130000,1701000,280000.0,0,0,8000000.0,0,316.3411764705883,3506622
450,451,2024,RS e-tron GT,아우디,전기,0.0,3.345,4등급,0.0,중형,15000,130000,1638000,280000.0,0,0,8000000.0,0,316.3411764705883,3466570
451,452,2019,SM3 Z.E.,르노삼성,전기,0.0,4.5,고속,0.0,중형,15000,130000,2167200,280000.0,0,0,8000000.0,0,158.17058823529416,3104435
452,453,2020,SM3 Z.E.,르노삼성,전기,0.0,4.5,고속,0.0,중형,15000,130000,2116800,280000.0,0,0,8000000.0,0,189.80470588235298,3159482
453,454,2024,SQ8 Sportback e-tron,아우디,전기,0.0,2.545,5등급,0.0,중형,15000,130000,1638000,280000.0,0,0,8000000.0,0,316.3411764705883,3912486
454,455,2019,TWIZY Cargo(1인승),르노삼성,전기,0.0,7.9,고속,0.0,중형,15000,130000,2167200,280000.0,0,0,8000000.0,0,158.17058823529416,2877523
455,456,2020,TWIZY Cargo(1인승),르노삼성,전기,0.0,7.9,고속,0.0,중형,15000,130000,2116800,280000.0,0,0,8000000.0,0,189.80470588235298,2887188
456,457,2021,TWIZY Cargo(1인승),르노삼성,전기,0.0,7.9,고속(전기),0.0,중형,15000,130000,2016000,280000.0,0,0,8000000.0,0,253.07294117647066,2906518
457,458,2022,TWIZY Cargo(1인승),르노코리아자동차(주),전기,0.0,7.9,고속,0.0,중형,15000,130000,1827000,280000.0,0,0,8000000.0,0,300.5241176470589,2807615
458,459,2023,TWIZY Cargo(1인승),르노코리아자동차(주),전기,0.0,7.9,초소형,0.0,중형,15000,130000,1701000,280000.0,0,0,8000000.0,0,316.3411764705883,2711647
459,460,2019,TWIZY Urban(2인승),르노삼성,전기,0.0,7.9,고속,0.0,중형,15000,130000,2167200,280000.0,0,0,8000000.0,0,158.17058823529416,2877523
460,461,2020,TWIZY Urban(2인승),르노삼성,전기,0.0,7.9,고속,0.0,중형,15000,130000,2116800,280000.0,0,0,8000000.0,0,189.80470588235298,2887188
461,462,2021,TWIZY Urban(2인승),르노삼성,전기,0.0,7.9,고속(전기),0.0,중형,15000,130000,2016000,280000.0,0,0,8000000.0,0,253.07294117647066,2906518
462,463,2022,TWIZY Urban(2인승),르노코리아자동차(주),전기,0.0,7.9,고속,0.0,중형,15000,130000,1827000,280000.0,0,0,8000000.0,0,300.5241176470589,2807615
463,464,2023,TWIZY Urban(2인승),르노코리아자동차(주),전기,0.0,7.9,초소형,0.0,중형,15000,130000,1701000,280000.0,0,0,8000000.0,0,316.3411764705883,2711647
464,465,2019,ZOE,르노삼성,전기,0.0,4.8,고속,0.0,중형,15000,130000,2167200,280000.0,0,0,8000000.0,0,158.17058823529416,3071483
465,466,2020,ZOE,르노삼성,전기,0.0,4.8,고속,0.0,중형,15000,130000,2116800,280000.0,0,0,8000000.0,0,189.80470588235298,3119939
466,467,2021,ZOE,르노삼성,전기,0.0,4.8,고속(전기),0.0,중형,15000,130000,2016000,280000.0,0,0,8000000.0,0,253.07294117647066,3216852
467,468,2022,ZOE,르노코리아자동차(주),전기,0.0,4.8,고속,0.0,중형,15000,130000,1827000,280000.0,0,0,8000000.0,0,300.5241176470589,3176137
468,469,2023,ZOE,르노코리아자동차(주),전기,0.0,4.8,3등급,0.0,중형,15000,130000,1701000,280000.0,0,0,8000000.0,0,316.3411764705883,3099566
469,470,2022,니로 EV 17인치,기아,전기,0.0,5.3,고속,0.0,소형,15000,130000,1512000,160000.0,0,0,6000000.0,0,300.5241176470589,2652539
470,471,2023,니로 EV 17인치,기아,전기,0.0,5.3,2등급,0.0,소형,15000,130000,1411200,160000.0,0,0,6000000.0,0,316.3411764705883,2596505
471,472,2024,니로 EV 17인치,기아,전기,0.0,5.405,2등급,0.0,소형,15000,130000,1323000,160000.0,0,0,6000000.0,0,316.3411764705883,2490912
472,473,2019,"니로 전기차 (경제형, 39.2kWh)",기아,전기,0.0,5.5,고속,0.0,소형,15000,130000,1839600,160000.0,0,0,6000000.0,0,158.17058823529416,2560974
473,474,2020,"니로 전기차 (경제형, 39.2kWh)",기아,전기,0.0,5.5,고속,0.0,소형,15000,130000,1789200,160000.0,0,0,6000000.0,0,189.80470588235298,2596849
474,475,2021,"니로 전기차 (경제형, 39.2kWh)",기아,전기,0.0,5.5,고속(전기),0.0,소형,15000,130000,1701000,160000.0,0,0,6000000.0,0,253.07294117647066,2681198
475,476,2022,"니로 전기차 (경제형, 39.2kWh)",기아,전기,0.0,5.5,고속,0.0,소형,15000,130000,1512000,160000.0,0,0,6000000.0,0,300.5241176470589,2621611
476,477,2023,"니로 전기차 (경제형, 39.2kWh)",기아,전기,0.0,5.5,2등급,0.0,소형,15000,130000,1411200,160000.0,0,0,6000000.0,0,316.3411764705883,2563948
477,478,2019,"니로 전기차 (기본형, 64kWh)",기아,전기,0.0,5.3,고속,0.0,소형,15000,130000,1839600,160000.0,0,0,6000000.0,0,158.17058823529416,2577252
478,479,2020,"니로 전기차 (기본형, 64kWh)",기아,전기,0.0,5.3,고속,0.0,소형,15000,130000,1789200,160000.0,0,0,6000000.0,0,189.80470588235298,2616383
479,480,2021,"니로 전기차 (기본형, 64kWh)",기아,전기,0.0,5.3,고속(전기),0.0,소형,15000,130000,1701000,160000.0,0,0,6000000.0,0,253.07294117647066,2707244
480,481,2022,"니로 전기차 (기본형, 64kWh)",기아,전기,0.0,5.3,고속,0.0,소형,15000,130000,1512000,160000.0,0,0,6000000.0,0,300.5241176470589,2652539
481,482,2023,"니로 전기차 (기본형, 64kWh)",기아,전기,0.0,5.3,2등급,0.0,소형,15000,130000,1411200,160000.0,0,0,6000000.0,0,316.3411764705883,2596505
482,483,2022,니로 플러스 EV 항속형 2WD 17인치,기아,전기,0.0,5.3,고속,0.0,소형,15000,130000,1512000,160000.0,0,0,6000000.0,0,300.5241176470589,2652539
483,484,2023,니로 플러스 EV 항속형 2WD 17인치,기아,전기,0.0,5.3,2등급,0.0,소형,15000,130000,1411200,160000.0,0,0,6000000.0,0,316.3411764705883,2596505
484,485,2024,니로 플러스 EV 항속형 2WD 17인치,기아,전기,0.0,5.415,2등급,0.0,소형,15000,130000,1323000,160000.0,0,0,6000000.0,0,316.3411764705883,2489291
485,486,2023,레이 EV,기아,전기,0.0,5.1,2등급,0.0,중형,15000,130000,1701000,280000.0,0,0,8000000.0,0,316.3411764705883,3041415
486,487,2024,레이 EV,기아,전기,0.0,5.28,2등급,0.0,중형,15000,130000,1638000,280000.0,0,0,8000000.0,0,316.3411764705883,2946696
487,488,2023,레이 EV 밴 1인승,기아,전기,0.0,5.1,2등급,0.0,중형,15000,130000,1701000,280000.0,0,0,8000000.0,0,316.3411764705883,3041415
488,489,2024,레이 EV 밴 1인승,기아,전기,0.0,5.28,2등급,0.0,중형,15000,130000,1638000,280000.0,0,0,8000000.0,0,316.3411764705883,2946696
489,490,2023,레이 EV 밴 2인승,기아,전기,0.0,5.1,2등급,0.0,중형,15000,130000,1701000,280000.0,0,0,8000000.0,0,316.3411764705883,3041415
490,491,2024,레이 EV 밴 2인승,기아,전기,0.0,5.28,2등급,0.0,중형,15000,130000,1638000,280000.0,0,0,8000000.0,0,316.3411764705883,2946696
491,492,2023,렉서스 RZ450e,토요타,전기,0.0,5.4,2등급,0.0,중형,15000,130000,1701000,280000.0,0,0,8000000.0,0,316.3411764705883,2989725
492,493,2024,렉서스 RZ450e,토요타,전기,0.0,5.395,2등급,0.0,중형,15000,130000,1638000,280000.0,0,0,8000000.0,0,316.3411764705883,2927539
493,494,2022,렉서스 UX300e,토요타,전기,0.0,4.7,고속,0.0,중형,15000,130000,1827000,280000.0,0,0,8000000.0,0,300.5241176470589,3196119
494,495,2023,렉서스 UX300e,토요타,전기,0.0,4.7,3등급,0.0,중형,15000,130000,1701000,280000.0,0,0,8000000.0,0,316.3411764705883,3120599
495,496,2024,렉서스 UX300e,토요타,전기,0.0,4.685,3등급,0.0,중형,15000,130000,1638000,280000.0,0,0,8000000.0,0,316.3411764705883,3060831
496,497,2019,벤츠 EQC 400 4MATIC,벤츠,전기,0.0,3.2,고속,0.0,중형,15000,130000,2167200,280000.0,0,0,8000000.0,0,158.17058823529416,3318624
497,498,2020,벤츠 EQC 400 4MATIC,벤츠,전기,0.0,3.2,고속,0.0,중형,15000,130000,2116800,280000.0,0,0,8000000.0,0,189.80470588235298,3416509
498,499,2021,벤츠 EQC 400 4MATIC,벤츠,전기,0.0,3.2,고속(전기),0.0,중형,15000,130000,2016000,280000.0,0,0,8000000.0,0,253.07294117647066,3612279
499,500,2022,벤츠 EQC 400 4MATIC,벤츠,전기,0.0,3.2,고속,0.0,중형,15000,130000,1827000,280000.0,0,0,8000000.0,0,300.5241176470589,3645706
500,501,2023,벤츠 EQC 400 4MATIC,벤츠,전기,0.0,3.2,5등급,0.0,중형,15000,130000,1701000,280000.0,0,0,8000000.0,0,316.3411764705883,3593849
501,502,2024,벤츠 EQC 400 4MATIC,벤츠,전기,0.0,3.21,5등급,0.0,중형,15000,130000,1638000,280000.0,0,0,8000000.0,0,316.3411764705883,3526229
502,503,2022,볼보 C40 Recharge Twin,볼보,전기,0.0,4.1,고속,0.0,중형,15000,130000,1827000,280000.0,0,0,8000000.0,0,300.5241176470589,3336478
503,504,2023,볼보 C40 Recharge Twin,볼보,전기,0.0,4.1,4등급,0.0,중형,15000,130000,1701000,280000.0,0,0,8000000.0,0,316.3411764705883,3268345
504,505,2023,볼보 C40 Recharge Twin,볼보,전기,0.0,4.6,3등급,0.0,중형,15000,130000,1701000,280000.0,0,0,8000000.0,0,316.3411764705883,3142547
505,506,2024,볼보 C40 Recharge Twin,볼보,전기,0.0,4.64,3등급,0.0,중형,15000,130000,1638000,280000.0,0,0,8000000.0,0,316.3411764705883,3070654
506,507,2022,볼보 XC40 Recharge Twin,볼보,전기,0.0,3.9,고속,0.0,중형,15000,130000,1827000,280000.0,0,0,8000000.0,0,300.5241176470589,3392861
507,508,2023,볼보 XC40 Recharge Twin,볼보,전기,0.0,3.9,4등급,0.0,중형,15000,130000,1701000,280000.0,0,0,8000000.0,0,316.3411764705883,3327696
508,509,2023,볼보 XC40 Recharge Twin,볼보,전기,0.0,4.4,3등급,0.0,중형,15000,130000,1701000,280000.0,0,0,8000000.0,0,316.3411764705883,3189435
509,510,2024,볼보 XC40 Recharge Twin,볼보,전기,0.0,4.485,3등급,0.0,중형,15000,130000,1638000,280000.0,0,0,8000000.0,0,316.3411764705883,3105997
510,511,2019,봉고 전기차,기아,전기,0.0,3.1,고속,0.0,중형,15000,130000,2167200,280000.0,0,0,8000000.0,0,158.17058823529416,3342541
511,512,2020,봉고 전기차,기아,전기,0.0,3.1,고속,0.0,중형,15000,130000,2116800,280000.0,0,0,8000000.0,0,189.80470588235298,3445209
512,513,2021,봉고 전기차,기아,전기,0.0,3.1,고속(전기),0.0,중형,15000,130000,2016000,280000.0,0,0,8000000.0,0,253.07294117647066,3650546
513,514,2022,봉고 전기차,기아,전기,0.0,3.1,고속,0.0,중형,15000,130000,1827000,280000.0,0,0,8000000.0,0,300.5241176470589,3691148
514,515,2023,봉고 전기차,기아,전기,0.0,3.1,5등급,0.0,중형,15000,130000,1701000,280000.0,0,0,8000000.0,0,316.3411764705883,3641683
515,516,2024,봉고 전기차,기아,전기,0.0,3.195,5등급,0.0,중형,15000,130000,1638000,280000.0,0,0,8000000.0,0,316.3411764705883,3533169
516,517,2022,봉고 전기차 (22),기아,전기,0.0,3.1,고속,0.0,중형,15000,130000,1827000,280000.0,0,0,8000000.0,0,300.5241176470589,3691148
517,518,2023,봉고 전기차 (22),기아,전기,0.0,3.1,5등급,0.0,중형,15000,130000,1701000,280000.0,0,0,8000000.0,0,316.3411764705883,3641683
518,519,2024,봉고 전기차 (22),기아,전기,0.0,3.195,5등급,0.0,중형,15000,130000,1638000,280000.0,0,0,8000000.0,0,316.3411764705883,3533169
519,520,2024,봉고 전기차 (24MY),기아,전기,0.0,3.195,5등급,0.0,중형,15000,130000,1638000,280000.0,0,0,8000000.0,0,316.3411764705883,3533169
520,521,2019,"쏘울 전기차 (도심형, 39.2kWh)",기아,전기,0.0,5.6,고속,0.0,소형,15000,130000,1839600,160000.0,0,0,6000000.0,0,158.17058823529416,2553271
521,522,2020,"쏘울 전기차 (도심형, 39.2kWh)",기아,전기,0.0,5.6,고속,0.0,소형,15000,130000,1789200,160000.0,0,0,6000000.0,0,189.80470588235298,2587605
522,523,2021,"쏘울 전기차 (도심형, 39.2kWh)",기아,전기,0.0,5.6,고속(전기),0.0,소형,15000,130000,1701000,160000.0,0,0,6000000.0,0,253.07294117647066,2668873
523,524,2022,"쏘울 전기차 (도심형, 39.2kWh)",기아,전기,0.0,5.6,고속,0.0,소형,15000,130000,1512000,160000.0,0,0,6000000.0,0,300.5241176470589,2606975
524,525,2023,"쏘울 전기차 (도심형, 39.2kWh)",기아,전기,0.0,5.6,2등급,0.0,소형,15000,130000,1411200,160000.0,0,0,6000000.0,0,316.3411764705883,2548542
525,526,2024,"쏘울 전기차 (도심형, 39.2kWh)",기아,전기,0.0,5.725,2등급,0.0,소형,15000,130000,1323000,160000.0,0,0,6000000.0,0,316.3411764705883,2441841
526,527,2019,"쏘울 전기차(기본형, 64kWh)",기아,전기,0.0,5.4,고속,0.0,소형,15000,130000,1839600,160000.0,0,0,6000000.0,0,158.17058823529416,2568962
527,528,2020,"쏘울 전기차(기본형, 64kWh)",기아,전기,0.0,5.4,고속,0.0,소형,15000,130000,1789200,160000.0,0,0,6000000.0,0,189.80470588235298,2606435
528,529,2021,"쏘울 전기차(기본형, 64kWh)",기아,전기,0.0,5.4,고속(전기),0.0,소형,15000,130000,1701000,160000.0,0,0,6000000.0,0,253.07294117647066,2693980
529,530,2022,"쏘울 전기차(기본형, 64kWh)",기아,전기,0.0,5.4,고속,0.0,소형,15000,130000,1512000,160000.0,0,0,6000000.0,0,300.5241176470589,2636789
530,531,2023,"쏘울 전기차(기본형, 64kWh)",기아,전기,0.0,5.4,2등급,0.0,소형,15000,130000,1411200,160000.0,0,0,6000000.0,0,316.3411764705883,2579925
531,532,2024,"쏘울 전기차(기본형, 64kWh)",기아,전기,0.0,5.46,2등급,0.0,소형,15000,130000,1323000,160000.0,0,0,6000000.0,0,316.3411764705883,2482069
532,533,2019,아이오닉 전기차 (18MY),현대,전기,0.0,6.3,고속,0.0,중형,15000,130000,2167200,280000.0,0,0,8000000.0,0,158.17058823529416,2953796
533,534,2020,아이오닉 전기차 (18MY),현대,전기,0.0,6.3,고속,0.0,중형,15000,130000,2116800,280000.0,0,0,8000000.0,0,189.80470588235298,2978715
534,535,2021,아이오닉 전기차 (18MY),현대,전기,0.0,6.3,고속(전기),0.0,중형,15000,130000,2016000,280000.0,0,0,8000000.0,0,253.07294117647066,3028554
535,536,2022,아이오닉 전기차 (18MY),현대,전기,0.0,6.3,고속,0.0,중형,15000,130000,1827000,280000.0,0,0,8000000.0,0,300.5241176470589,2952533
536,537,2023,아이오닉 전기차 (18MY),현대,전기,0.0,6.3,1등급,0.0,중형,15000,130000,1701000,280000.0,0,0,8000000.0,0,316.3411764705883,2864193
537,538,2019,아이오닉 전기차(PE),현대,전기,0.0,6.3,고속,0.0,중형,15000,130000,2167200,280000.0,0,0,8000000.0,0,158.17058823529416,2953796
538,539,2020,아이오닉 전기차(PE),현대,전기,0.0,6.3,고속,0.0,중형,15000,130000,2116800,280000.0,0,0,8000000.0,0,189.80470588235298,2978715
539,540,2021,아이오닉 전기차(PE),현대,전기,0.0,6.3,고속(전기),0.0,중형,15000,130000,2016000,280000.0,0,0,8000000.0,0,253.07294117647066,3028554
540,541,2022,아이오닉 전기차(PE),현대,전기,0.0,6.3,고속,0.0,중형,15000,130000,1827000,280000.0,0,0,8000000.0,0,300.5241176470589,2952533
541,542,2023,아이오닉 전기차(PE),현대,전기,0.0,6.3,1등급,0.0,중형,15000,130000,1701000,280000.0,0,0,8000000.0,0,316.3411764705883,2864193
542,543,2023,아이오닉5 N,현대,전기,0.0,3.7,4등급,0.0,중형,15000,130000,1701000,280000.0,0,0,8000000.0,0,316.3411764705883,3393464
543,544,2024,아이오닉5 N,현대,전기,0.0,3.73,4등급,0.0,중형,15000,130000,1638000,280000.0,0,0,8000000.0,0,316.3411764705883,3320149
544,545,2024,아이오닉5 N-line AWD,현대,전기,0.0,4.395,3등급,0.0,중형,15000,130000,1638000,280000.0,0,0,8000000.0,0,316.3411764705883,3127662
545,546,2024,아이오닉5 N-line RWD,현대,전기,0.0,4.705,3등급,0.0,중형,15000,130000,1638000,280000.0,0,0,8000000.0,0,316.3411764705883,3056526
546,547,2024,아이오닉5 개조 항속형 AWD 19인치,현대,전기,0.0,4.795,3등급,0.0,중형,15000,130000,1638000,280000.0,0,0,8000000.0,0,316.3411764705883,3037597
547,548,2024,아이오닉5 개조 항속형 AWD 20인치,현대,전기,0.0,4.495,3등급,0.0,중형,15000,130000,1638000,280000.0,0,0,8000000.0,0,316.3411764705883,3103643
548,549,2024,아이오닉5 개조 항속형 RWD 19인치(C),현대,전기,0.0,5.105,2등급,0.0,중형,15000,130000,1638000,280000.0,0,0,8000000.0,0,316.3411764705883,2977503
549,550,2024,아이오닉5 개조 항속형 RWD 19인치(nC),현대,전기,0.0,5.26,2등급,0.0,중형,15000,130000,1638000,280000.0,0,0,8000000.0,0,316.3411764705883,2950113
550,551,2024,아이오닉5 개조 항속형 RWD 20인치,현대,전기,0.0,4.895,3등급,0.0,중형,15000,130000,1638000,280000.0,0,0,8000000.0,0,316.3411764705883,3017380
551,552,2021,아이오닉5 기본형 4WD 19인치,현대,전기,0.0,4.8,고속(전기),0.0,중형,15000,130000,2016000,280000.0,0,0,8000000.0,0,253.07294117647066,3216852
552,553,2022,아이오닉5 기본형 4WD 19인치,현대,전기,0.0,4.8,고속,0.0,중형,15000,130000,1827000,280000.0,0,0,8000000.0,0,300.5241176470589,3176137
553,554,2023,아이오닉5 기본형 4WD 19인치,현대,전기,0.0,4.8,3등급,0.0,중형,15000,130000,1701000,280000.0,0,0,8000000.0,0,316.3411764705883,3099566
554,555,2024,아이오닉5 기본형 4WD 19인치,현대,전기,0.0,4.905,3등급,0.0,중형,15000,130000,1638000,280000.0,0,0,8000000.0,0,316.3411764705883,3015404
555,556,2021,아이오닉5 기본형 RWD 19인치,현대,전기,0.0,5.1,고속(전기),0.0,중형,15000,130000,2016000,280000.0,0,0,8000000.0,0,253.07294117647066,3170332
556,557,2022,아이오닉5 기본형 RWD 19인치,현대,전기,0.0,5.1,고속,0.0,중형,15000,130000,1827000,280000.0,0,0,8000000.0,0,300.5241176470589,3120894
557,558,2023,아이오닉5 기본형 RWD 19인치,현대,전기,0.0,5.1,2등급,0.0,중형,15000,130000,1701000,280000.0,0,0,8000000.0,0,316.3411764705883,3041415
558,559,2024,아이오닉5 기본형 RWD 19인치,현대,전기,0.0,5.215,2등급,0.0,중형,15000,130000,1638000,280000.0,0,0,8000000.0,0,316.3411764705883,2957897
559,560,2021,아이오닉5 항속형 4WD 19인치,현대,전기,0.0,4.7,고속(전기),0.0,중형,15000,130000,2016000,280000.0,0,0,8000000.0,0,253.07294117647066,3233679
560,561,2022,아이오닉5 항속형 4WD 19인치,현대,전기,0.0,4.7,고속,0.0,중형,15000,130000,1827000,280000.0,0,0,8000000.0,0,300.5241176470589,3196119
561,562,2023,아이오닉5 항속형 4WD 19인치,현대,전기,0.0,4.7,3등급,0.0,중형,15000,130000,1701000,280000.0,0,0,8000000.0,0,316.3411764705883,3120599
562,563,2024,아이오닉5 항속형 4WD 19인치,현대,전기,0.0,4.805,3등급,0.0,중형,15000,130000,1638000,280000.0,0,0,8000000.0,0,316.3411764705883,3035537
563,564,2022,아이오닉5 항속형 4WD 19인치 (77.4kWh),현대,전기,0.0,4.7,고속,0.0,중형,15000,130000,1827000,280000.0,0,0,8000000.0,0,300.5241176470589,3196119
564,565,2023,아이오닉5 항속형 4WD 19인치 (77.4kWh),현대,전기,0.0,4.7,3등급,0.0,중형,15000,130000,1701000,280000.0,0,0,8000000.0,0,316.3411764705883,3120599
565,566,2024,아이오닉5 항속형 4WD 19인치 (77.4kWh),현대,전기,0.0,4.805,3등급,0.0,중형,15000,130000,1638000,280000.0,0,0,8000000.0,0,316.3411764705883,3035537
566,567,2021,아이오닉5 항속형 4WD 20인치,현대,전기,0.0,4.5,고속(전기),0.0,중형,15000,130000,2016000,280000.0,0,0,8000000.0,0,253.07294117647066,3269576
567,568,2022,아이오닉5 항속형 4WD 20인치,현대,전기,0.0,4.5,고속,0.0,중형,15000,130000,1827000,280000.0,0,0,8000000.0,0,300.5241176470589,3238747
568,569,2023,아이오닉5 항속형 4WD 20인치,현대,전기,0.0,4.5,3등급,0.0,중형,15000,130000,1701000,280000.0,0,0,8000000.0,0,316.3411764705883,3165470
569,570,2024,아이오닉5 항속형 4WD 20인치,현대,전기,0.0,4.55,3등급,0.0,중형,15000,130000,1638000,280000.0,0,0,8000000.0,0,316.3411764705883,3090882
570,571,2022,아이오닉5 항속형 4WD 20인치 (77.4kWh),현대,전기,0.0,4.4,고속,0.0,중형,15000,130000,1827000,280000.0,0,0,8000000.0,0,300.5241176470589,3261514
571,572,2023,아이오닉5 항속형 4WD 20인치 (77.4kWh),현대,전기,0.0,4.4,3등급,0.0,중형,15000,130000,1701000,280000.0,0,0,8000000.0,0,316.3411764705883,3189435
572,573,2024,아이오닉5 항속형 4WD 20인치 (77.4kWh),현대,전기,0.0,4.45,3등급,0.0,중형,15000,130000,1638000,280000.0,0,0,8000000.0,0,316.3411764705883,3114318
573,574,2021,아이오닉5 항속형 RWD 19인치,현대,전기,0.0,5.1,고속(전기),0.0,중형,15000,130000,2016000,280000.0,0,0,8000000.0,0,253.07294117647066,3170332
574,575,2022,아이오닉5 항속형 RWD 19인치,현대,전기,0.0,5.1,고속,0.0,중형,15000,130000,1827000,280000.0,0,0,8000000.0,0,300.5241176470589,3120894
575,576,2023,아이오닉5 항속형 RWD 19인치,현대,전기,0.0,5.1,2등급,0.0,중형,15000,130000,1701000,280000.0,0,0,8000000.0,0,316.3411764705883,3041415
576,577,2024,아이오닉5 항속형 RWD 19인치,현대,전기,0.0,5.27,2등급,0.0,중형,15000,130000,1638000,280000.0,0,0,8000000.0,0,316.3411764705883,2948401
577,578,2022,아이오닉5 항속형 RWD 19인치 (77.4kWh),현대,전기,0.0,5.2,고속,0.0,중형,15000,130000,1827000,280000.0,0,0,8000000.0,0,300.5241176470589,3103896
578,579,2023,아이오닉5 항속형 RWD 19인치 (77.4kWh),현대,전기,0.0,5.2,2등급,0.0,중형,15000,130000,1701000,280000.0,0,0,8000000.0,0,316.3411764705883,3023522
579,580,2024,아이오닉5 항속형 RWD 19인치 (77.4kWh),현대,전기,0.0,5.27,2등급,0.0,중형,15000,130000,1638000,280000.0,0,0,8000000.0,0,316.3411764705883,2948401
580,581,2021,아이오닉5 항속형 RWD 19인치 빌트인캠,현대,전기,0.0,5.1,고속(전기),0.0,중형,15000,130000,2016000,280000.0,0,0,8000000.0,0,253.07294117647066,3170332
581,582,2022,아이오닉5 항속형 RWD 19인치 빌트인캠,현대,전기,0.0,5.1,고속,0.0,중형,15000,130000,1827000,280000.0,0,0,8000000.0,0,300.5241176470589,3120894
582,583,2023,아이오닉5 항속형 RWD 19인치 빌트인캠,현대,전기,0.0,5.1,2등급,0.0,중형,15000,130000,1701000,280000.0,0,0,8000000.0,0,316.3411764705883,3041415
583,584,2024,아이오닉5 항속형 RWD 19인치 빌트인캠,현대,전기,0.0,5.17,2등급,0.0,중형,15000,130000,1638000,280000.0,0,0,8000000.0,0,316.3411764705883,2965817
584,585,2022,아이오닉5 항속형 RWD 19인치 빌트인캠 (77.4kWh),현대,전기,0.0,5.1,고속,0.0,중형,15000,130000,1827000,280000.0,0,0,8000000.0,0,300.5241176470589,3120894
585,586,2023,아이오닉5 항속형 RWD 19인치 빌트인캠 (77.4kWh),현대,전기,0.0,5.1,2등급,0.0,중형,15000,130000,1701000,280000.0,0,0,8000000.0,0,316.3411764705883,3041415
586,587,2024,아이오닉5 항속형 RWD 19인치 빌트인캠 (77.4kWh),현대,전기,0.0,5.17,2등급,0.0,중형,15000,130000,1638000,280000.0,0,0,8000000.0,0,316.3411764705883,2965817
587,588,2021,아이오닉5 항속형 RWD 20인치,현대,전기,0.0,4.9,고속(전기),0.0,중형,15000,130000,2016000,280000.0,0,0,8000000.0,0,253.07294117647066,3200713
588,589,2022,아이오닉5 항속형 RWD 20인치,현대,전기,0.0,4.9,고속,0.0,중형,15000,130000,1827000,280000.0,0,0,8000000.0,0,300.5241176470589,3156971
589,590,2023,아이오닉5 항속형 RWD 20인치,현대,전기,0.0,4.9,3등급,0.0,중형,15000,130000,1701000,280000.0,0,0,8000000.0,0,316.3411764705883,3079391
590,591,2024,아이오닉5 항속형 RWD 20인치,현대,전기,0.0,4.915,3등급,0.0,중형,15000,130000,1638000,280000.0,0,0,8000000.0,0,316.3411764705883,3013435
591,592,2022,아이오닉5 항속형 RWD 20인치 (77.4kWh),현대,전기,0.0,4.8,고속,0.0,중형,15000,130000,1827000,280000.0,0,0,8000000.0,0,300.5241176470589,3176137
592,593,2023,아이오닉5 항속형 RWD 20인치 (77.4kWh),현대,전기,0.0,4.8,3등급,0.0,중형,15000,130000,1701000,280000.0,0,0,8000000.0,0,316.3411764705883,3099566
593,594,2024,아이오닉5 항속형 RWD 20인치 (77.4kWh),현대,전기,0.0,4.86,3등급,0.0,중형,15000,130000,1638000,280000.0,0,0,8000000.0,0,316.3411764705883,3024361
594,595,2022,아이오닉6 기본형 RWD 18인치,현대,전기,0.0,6.2,고속,0.0,중형,15000,130000,1827000,280000.0,0,0,8000000.0,0,300.5241176470589,2964074
595,596,2023,아이오닉6 기본형 RWD 18인치,현대,전기,0.0,6.2,1등급,0.0,중형,15000,130000,1701000,280000.0,0,0,8000000.0,0,316.3411764705883,2876341
596,597,2024,아이오닉6 기본형 RWD 18인치,현대,전기,0.0,6.215,1등급,0.0,중형,15000,130000,1638000,280000.0,0,0,8000000.0,0,316.3411764705883,2811494
597,598,2022,아이오닉6 항속형 AWD 18인치,현대,전기,0.0,5.5,고속,0.0,중형,15000,130000,1827000,280000.0,0,0,8000000.0,0,300.5241176470589,3056611
598,599,2023,아이오닉6 항속형 AWD 18인치,현대,전기,0.0,5.5,2등급,0.0,중형,15000,130000,1701000,280000.0,0,0,8000000.0,0,316.3411764705883,2973748
599,600,2024,아이오닉6 항속형 AWD 18인치,현대,전기,0.0,5.585,2등급,0.0,중형,15000,130000,1638000,280000.0,0,0,8000000.0,0,316.3411764705883,2897618
600,601,2022,아이오닉6 항속형 AWD 20인치,현대,전기,0.0,4.8,고속,0.0,중형,15000,130000,1827000,280000.0,0,0,8000000.0,0,300.5241176470589,3176137
601,602,2023,아이오닉6 항속형 AWD 20인치,현대,전기,0.0,4.8,3등급,0.0,중형,15000,130000,1701000,280000.0,0,0,8000000.0,0,316.3411764705883,3099566
602,603,2024,아이오닉6 항속형 AWD 20인치,현대,전기,0.0,4.84,3등급,0.0,중형,15000,130000,1638000,280000.0,0,0,8000000.0,0,316.3411764705883,3028396
603,604,2022,아이오닉6 항속형 RWD 18인치,현대,전기,0.0,6.0,고속,0.0,중형,15000,130000,1827000,280000.0,0,0,8000000.0,0,300.5241176470589,2988310
604,605,2023,아이오닉6 항속형 RWD 18인치,현대,전기,0.0,6.0,1등급,0.0,중형,15000,130000,1701000,280000.0,0,0,8000000.0,0,316.3411764705883,2901852
605,606,2024,아이오닉6 항속형 RWD 18인치,현대,전기,0.0,6.05,1등급,0.0,중형,15000,130000,1638000,280000.0,0,0,8000000.0,0,316.3411764705883,2832316
606,607,2022,아이오닉6 항속형 RWD 20인치,현대,전기,0.0,5.1,고속,0.0,중형,15000,130000,1827000,280000.0,0,0,8000000.0,0,300.5241176470589,3120894
607,608,2023,아이오닉6 항속형 RWD 20인치,현대,전기,0.0,5.1,2등급,0.0,중형,15000,130000,1701000,280000.0,0,0,8000000.0,0,316.3411764705883,3041415
608,609,2024,아이오닉6 항속형 RWD 20인치,현대,전기,0.0,5.205,2등급,0.0,중형,15000,130000,1638000,280000.0,0,0,8000000.0,0,316.3411764705883,2959646
609,610,2024,캐딜락 Lyri,GM,전기,0.0,3.92,4등급,0.0,중형,15000,130000,1638000,280000.0,0,0,8000000.0,0,316.3411764705883,3258489
610,611,2024,캐스퍼(AX1) EV 항속형 15인치,현대,전기,0.0,5.615,2등급,0.0,중형,15000,130000,1638000,280000.0,0,0,8000000.0,0,316.3411764705883,2893078
611,612,2024,캐스퍼(AX1) EV 항속형 17인치,현대,전기,0.0,5.25,2등급,0.0,중형,15000,130000,1638000,280000.0,0,0,8000000.0,0,316.3411764705883,2951831
612,613,2024,코나 일렉트릭(N-Line) 19인치,현대,전기,0.0,4.74,3등급,0.0,소형,15000,130000,1323000,160000.0,0,0,6000000.0,0,316.3411764705883,2614079
613,614,2019,코나 전기자동차 (기본형),현대,전기,0.0,5.6,고속,0.0,소형,15000,130000,1839600,160000.0,0,0,6000000.0,0,158.17058823529416,2553271
614,615,2020,코나 전기자동차 (기본형),현대,전기,0.0,5.6,고속,0.0,소형,15000,130000,1789200,160000.0,0,0,6000000.0,0,189.80470588235298,2587605
615,616,2021,코나 전기자동차 (기본형),현대,전기,0.0,5.6,고속(전기),0.0,소형,15000,130000,1701000,160000.0,0,0,6000000.0,0,253.07294117647066,2668873
616,617,2022,코나 전기자동차 (기본형),현대,전기,0.0,5.6,고속,0.0,소형,15000,130000,1512000,160000.0,0,0,6000000.0,0,300.5241176470589,2606975
617,618,2023,코나 전기자동차 (기본형),현대,전기,0.0,5.6,2등급,0.0,소형,15000,130000,1411200,160000.0,0,0,6000000.0,0,316.3411764705883,2548542
618,619,2019,코나 전기자동차 (도심형),현대,전기,0.0,5.8,고속,0.0,소형,15000,130000,1839600,160000.0,0,0,6000000.0,0,158.17058823529416,2538661
619,620,2020,코나 전기자동차 (도심형),현대,전기,0.0,5.8,고속,0.0,소형,15000,130000,1789200,160000.0,0,0,6000000.0,0,189.80470588235298,2570074
620,621,2021,코나 전기자동차 (도심형),현대,전기,0.0,5.8,고속(전기),0.0,소형,15000,130000,1701000,160000.0,0,0,6000000.0,0,253.07294117647066,2645498
621,622,2022,코나 전기자동차 (도심형),현대,전기,0.0,5.8,고속,0.0,소형,15000,130000,1512000,160000.0,0,0,6000000.0,0,300.5241176470589,2579217
622,623,2023,코나 전기자동차 (도심형),현대,전기,0.0,5.8,1등급,0.0,소형,15000,130000,1411200,160000.0,0,0,6000000.0,0,316.3411764705883,2519323
623,624,2023,코나(SX2) 일렉트릭(기본형) 17인치,현대,전기,0.0,5.5,2등급,0.0,소형,15000,130000,1411200,160000.0,0,0,6000000.0,0,316.3411764705883,2563948
624,625,2024,코나(SX2) 일렉트릭(기본형) 17인치,현대,전기,0.0,5.515,2등급,0.0,소형,15000,130000,1323000,160000.0,0,0,6000000.0,0,316.3411764705883,2473402
625,626,2023,코나(SX2) 일렉트릭(항속형) 17인치,현대,전기,0.0,5.5,2등급,0.0,소형,15000,130000,1411200,160000.0,0,0,6000000.0,0,316.3411764705883,2563948
626,627,2024,코나(SX2) 일렉트릭(항속형) 17인치,현대,전기,0.0,5.605,2등급,0.0,소형,15000,130000,1323000,160000.0,0,0,6000000.0,0,316.3411764705883,2459586
627,628,2023,코나(SX2) 일렉트릭(항속형) 17인치(빌트인캠),현대,전기,0.0,5.5,2등급,0.0,소형,15000,130000,1411200,160000.0,0,0,6000000.0,0,316.3411764705883,2563948
628,629,2024,코나(SX2) 일렉트릭(항속형) 17인치(빌트인캠),현대,전기,0.0,5.605,2등급,0.0,소형,15000,130000,1323000,160000.0,0,0,6000000.0,0,316.3411764705883,2459586
629,630,2023,코나(SX2) 일렉트릭(항속형) 19인치,현대,전기,0.0,4.8,3등급,0.0,소형,15000,130000,1411200,160000.0,0,0,6000000.0,0,316.3411764705883,2689766
630,631,2024,코나(SX2) 일렉트릭(항속형) 19인치,현대,전기,0.0,4.84,3등급,0.0,소형,15000,130000,1323000,160000.0,0,0,6000000.0,0,316.3411764705883,2593396
631,632,2021,타이칸,포르쉐,전기,0.0,3.1,고속(전기),0.0,대형,15000,130000,2457000,520000.0,0,0,10000000.0,0,253.07294117647066,4331546
632,633,2022,타이칸,포르쉐,전기,0.0,3.1,고속,0.0,대형,15000,130000,2331000,520000.0,0,0,10000000.0,0,300.5241176470589,4435148
633,634,2023,타이칸,포르쉐,전기,0.0,3.1,5등급,0.0,대형,15000,130000,2142000,520000.0,0,0,10000000.0,0,316.3411764705883,4322683
634,635,2024,타이칸,포르쉐,전기,0.0,3.09,5등급,0.0,대형,15000,130000,2079000,520000.0,0,0,10000000.0,0,316.3411764705883,4264636
635,636,2021,타이칸 (5인승),포르쉐,전기,0.0,3.1,고속(전기),0.0,대형,15000,130000,2457000,520000.0,0,0,10000000.0,0,253.07294117647066,4331546
636,637,2022,타이칸 (5인승),포르쉐,전기,0.0,3.1,고속,0.0,대형,15000,130000,2331000,520000.0,0,0,10000000.0,0,300.5241176470589,4435148
637,638,2023,타이칸 (5인승),포르쉐,전기,0.0,3.1,5등급,0.0,대형,15000,130000,2142000,520000.0,0,0,10000000.0,0,316.3411764705883,4322683
638,639,2024,타이칸 (5인승),포르쉐,전기,0.0,3.09,5등급,0.0,대형,15000,130000,2079000,520000.0,0,0,10000000.0,0,316.3411764705883,4264636
639,640,2024,타이칸 (5인승),포르쉐,전기,0.0,4.565,3등급,0.0,대형,15000,130000,2079000,520000.0,0,0,10000000.0,0,316.3411764705883,3768456
640,641,2021,타이칸 (High),포르쉐,전기,0.0,3.0,고속(전기),0.0,대형,15000,130000,2457000,520000.0,0,0,10000000.0,0,253.07294117647066,4372364
641,642,2022,타이칸 (High),포르쉐,전기,0.0,3.0,고속,0.0,대형,15000,130000,2331000,520000.0,0,0,10000000.0,0,300.5241176470589,4483620
642,643,2023,타이칸 (High),포르쉐,전기,0.0,3.0,5등급,0.0,대형,15000,130000,2142000,520000.0,0,0,10000000.0,0,316.3411764705883,4373705
643,644,2024,타이칸 (High),포르쉐,전기,0.0,2.99,5등급,0.0,대형,15000,130000,2079000,520000.0,0,0,10000000.0,0,316.3411764705883,4315995
644,645,2021,"타이칸 (High, 5인승)",포르쉐,전기,0.0,3.0,고속(전기),0.0,대형,15000,130000,2457000,520000.0,0,0,10000000.0,0,253.07294117647066,4372364
645,646,2022,"타이칸 (High, 5인승)",포르쉐,전기,0.0,3.0,고속,0.0,대형,15000,130000,2331000,520000.0,0,0,10000000.0,0,300.5241176470589,4483620
646,647,2023,"타이칸 (High, 5인승)",포르쉐,전기,0.0,3.0,5등급,0.0,대형,15000,130000,2142000,520000.0,0,0,10000000.0,0,316.3411764705883,4373705
647,648,2024,"타이칸 (High, 5인승)",포르쉐,전기,0.0,2.99,5등급,0.0,대형,15000,130000,2079000,520000.0,0,0,10000000.0,0,316.3411764705883,4315995
648,649,2021,타이칸 4S,포르쉐,전기,0.0,3.0,고속(전기),0.0,대형,15000,130000,2457000,520000.0,0,0,10000000.0,0,253.07294117647066,4372364
649,650,2022,타이칸 4S,포르쉐,전기,0.0,3.0,고속,0.0,대형,15000,130000,2331000,520000.0,0,0,10000000.0,0,300.5241176470589,4483620
650,651,2023,타이칸 4S,포르쉐,전기,0.0,3.0,5등급,0.0,대형,15000,130000,2142000,520000.0,0,0,10000000.0,0,316.3411764705883,4373705
651,652,2024,타이칸 4S,포르쉐,전기,0.0,2.955,5등급,0.0,대형,15000,130000,2079000,520000.0,0,0,10000000.0,0,316.3411764705883,4334792
652,653,2021,타이칸 4S (5인승),포르쉐,전기,0.0,3.0,고속(전기),0.0,대형,15000,130000,2457000,520000.0,0,0,10000000.0,0,253.07294117647066,4372364
653,654,2022,타이칸 4S (5인승),포르쉐,전기,0.0,3.0,고속,0.0,대형,15000,130000,2331000,520000.0,0,0,10000000.0,0,300.5241176470589,4483620
654,655,2023,타이칸 4S (5인승),포르쉐,전기,0.0,3.0,5등급,0.0,대형,15000,130000,2142000,520000.0,0,0,10000000.0,0,316.3411764705883,4373705
655,656,2024,타이칸 4S (5인승),포르쉐,전기,0.0,2.955,5등급,0.0,대형,15000,130000,2079000,520000.0,0,0,10000000.0,0,316.3411764705883,4334792
656,657,2019,타이칸 4S (High),포르쉐,전기,0.0,2.9,고속,0.0,대형,15000,130000,2646000,520000.0,0,0,10000000.0,0,158.17058823529416,4114123
657,658,2020,타이칸 4S (High),포르쉐,전기,0.0,2.9,고속,0.0,대형,15000,130000,2583000,520000.0,0,0,10000000.0,0,189.80470588235298,4214748
658,659,2021,타이칸 4S (High),포르쉐,전기,0.0,2.9,고속(전기),0.0,대형,15000,130000,2457000,520000.0,0,0,10000000.0,0,253.07294117647066,4415997
659,660,2022,타이칸 4S (High),포르쉐,전기,0.0,2.9,고속,0.0,대형,15000,130000,2331000,520000.0,0,0,10000000.0,0,300.5241176470589,4535435
660,661,2023,타이칸 4S (High),포르쉐,전기,0.0,2.9,5등급,0.0,대형,15000,130000,2142000,520000.0,0,0,10000000.0,0,316.3411764705883,4428247
661,662,2024,타이칸 4S (High),포르쉐,전기,0.0,2.89,5등급,0.0,대형,15000,130000,2079000,520000.0,0,0,10000000.0,0,316.3411764705883,4370909
662,663,2019,"타이칸 4S (High, 5인승)",포르쉐,전기,0.0,2.9,고속,0.0,대형,15000,130000,2646000,520000.0,0,0,10000000.0,0,158.17058823529416,4114123
663,664,2020,"타이칸 4S (High, 5인승)",포르쉐,전기,0.0,2.9,고속,0.0,대형,15000,130000,2583000,520000.0,0,0,10000000.0,0,189.80470588235298,4214748
664,665,2021,"타이칸 4S (High, 5인승)",포르쉐,전기,0.0,2.9,고속(전기),0.0,대형,15000,130000,2457000,520000.0,0,0,10000000.0,0,253.07294117647066,4415997
665,666,2022,"타이칸 4S (High, 5인승)",포르쉐,전기,0.0,2.9,고속,0.0,대형,15000,130000,2331000,520000.0,0,0,10000000.0,0,300.5241176470589,4535435
666,667,2023,"타이칸 4S (High, 5인승)",포르쉐,전기,0.0,2.9,5등급,0.0,대형,15000,130000,2142000,520000.0,0,0,10000000.0,0,316.3411764705883,4428247
667,668,2024,"타이칸 4S (High, 5인승)",포르쉐,전기,0.0,2.89,5등급,0.0,대형,15000,130000,2079000,520000.0,0,0,10000000.0,0,316.3411764705883,4370909
668,669,2022,타이칸 GTS,포르쉐,전기,0.0,3.2,고속,0.0,대형,15000,130000,2331000,520000.0,0,0,10000000.0,0,300.5241176470589,4389706
669,670,2023,타이칸 GTS,포르쉐,전기,0.0,3.2,5등급,0.0,대형,15000,130000,2142000,520000.0,0,0,10000000.0,0,316.3411764705883,4274849
670,671,2024,타이칸 GTS,포르쉐,전기,0.0,3.155,5등급,0.0,대형,15000,130000,2079000,520000.0,0,0,10000000.0,0,316.3411764705883,4232999
671,672,2022,타이칸 GTS (5인승),포르쉐,전기,0.0,3.2,고속,0.0,대형,15000,130000,2331000,520000.0,0,0,10000000.0,0,300.5241176470589,4389706
672,673,2023,타이칸 GTS (5인승),포르쉐,전기,0.0,3.2,5등급,0.0,대형,15000,130000,2142000,520000.0,0,0,10000000.0,0,316.3411764705883,4274849
673,674,2024,타이칸 GTS (5인승),포르쉐,전기,0.0,3.155,5등급,0.0,대형,15000,130000,2079000,520000.0,0,0,10000000.0,0,316.3411764705883,4232999
674,675,2021,타이칸 크로스 투리스모,포르쉐,전기,0.0,2.9,고속(전기),0.0,대형,15000,130000,2457000,520000.0,0,0,10000000.0,0,253.07294117647066,4415997
675,676,2022,타이칸 크로스 투리스모,포르쉐,전기,0.0,2.9,고속,0.0,대형,15000,130000,2331000,520000.0,0,0,10000000.0,0,300.5241176470589,4535435
676,677,2023,타이칸 크로스 투리스모,포르쉐,전기,0.0,2.9,5등급,0.0,대형,15000,130000,2142000,520000.0,0,0,10000000.0,0,316.3411764705883,4428247
677,678,2024,타이칸 크로스 투리스모,포르쉐,전기,0.0,2.9,5등급,0.0,대형,15000,130000,2079000,520000.0,0,0,10000000.0,0,316.3411764705883,4365247
678,679,2021,타이칸 크로스 투리스모 (5인승),포르쉐,전기,0.0,2.9,고속(전기),0.0,대형,15000,130000,2457000,520000.0,0,0,10000000.0,0,253.07294117647066,4415997
679,680,2022,타이칸 크로스 투리스모 (5인승),포르쉐,전기,0.0,2.9,고속,0.0,대형,15000,130000,2331000,520000.0,0,0,10000000.0,0,300.5241176470589,4535435
680,681,2023,타이칸 크로스 투리스모 (5인승),포르쉐,전기,0.0,2.9,5등급,0.0,대형,15000,130000,2142000,520000.0,0,0,10000000.0,0,316.3411764705883,4428247
681,682,2024,타이칸 크로스 투리스모 (5인승),포르쉐,전기,0.0,2.9,5등급,0.0,대형,15000,130000,2079000,520000.0,0,0,10000000.0,0,316.3411764705883,4365247
682,683,2021,타이칸 크로스 투리스모 4S,포르쉐,전기,0.0,2.9,고속(전기),0.0,대형,15000,130000,2457000,520000.0,0,0,10000000.0,0,253.07294117647066,4415997
683,684,2022,타이칸 크로스 투리스모 4S,포르쉐,전기,0.0,2.9,고속,0.0,대형,15000,130000,2331000,520000.0,0,0,10000000.0,0,300.5241176470589,4535435
684,685,2023,타이칸 크로스 투리스모 4S,포르쉐,전기,0.0,2.9,5등급,0.0,대형,15000,130000,2142000,520000.0,0,0,10000000.0,0,316.3411764705883,4428247
685,686,2024,타이칸 크로스 투리스모 4S,포르쉐,전기,0.0,2.9,5등급,0.0,대형,15000,130000,2079000,520000.0,0,0,10000000.0,0,316.3411764705883,4365247
686,687,2021,타이칸 크로스 투리스모 4S (5인승),포르쉐,전기,0.0,2.9,고속(전기),0.0,대형,15000,130000,2457000,520000.0,0,0,10000000.0,0,253.07294117647066,4415997
687,688,2022,타이칸 크로스 투리스모 4S (5인승),포르쉐,전기,0.0,2.9,고속,0.0,대형,15000,130000,2331000,520000.0,0,0,10000000.0,0,300.5241176470589,4535435
688,689,2023,타이칸 크로스 투리스모 4S (5인승),포르쉐,전기,0.0,2.9,5등급,0.0,대형,15000,130000,2142000,520000.0,0,0,10000000.0,0,316.3411764705883,4428247
689,690,2024,타이칸 크로스 투리스모 4S (5인승),포르쉐,전기,0.0,2.9,5등급,0.0,대형,15000,130000,2079000,520000.0,0,0,10000000.0,0,316.3411764705883,4365247
690,691,2021,타이칸 크로스 투리스모 터보,포르쉐,전기,0.0,2.8,고속(전기),0.0,대형,15000,130000,2457000,520000.0,0,0,10000000.0,0,253.07294117647066,4462747
691,692,2022,타이칸 크로스 투리스모 터보,포르쉐,전기,0.0,2.8,고속,0.0,대형,15000,130000,2331000,520000.0,0,0,10000000.0,0,300.5241176470589,4590950
692,693,2023,타이칸 크로스 투리스모 터보,포르쉐,전기,0.0,2.8,5등급,0.0,대형,15000,130000,2142000,520000.0,0,0,10000000.0,0,316.3411764705883,4486684
693,694,2024,타이칸 크로스 투리스모 터보,포르쉐,전기,0.0,2.755,5등급,0.0,대형,15000,130000,2079000,520000.0,0,0,10000000.0,0,316.3411764705883,4451365
694,695,2021,타이칸 크로스 투리스모 터보 (5인승),포르쉐,전기,0.0,2.8,고속(전기),0.0,대형,15000,130000,2457000,520000.0,0,0,10000000.0,0,253.07294117647066,4462747
695,696,2022,타이칸 크로스 투리스모 터보 (5인승),포르쉐,전기,0.0,2.8,고속,0.0,대형,15000,130000,2331000,520000.0,0,0,10000000.0,0,300.5241176470589,4590950
696,697,2023,타이칸 크로스 투리스모 터보 (5인승),포르쉐,전기,0.0,2.8,5등급,0.0,대형,15000,130000,2142000,520000.0,0,0,10000000.0,0,316.3411764705883,4486684
697,698,2024,타이칸 크로스 투리스모 터보 (5인승),포르쉐,전기,0.0,2.755,5등급,0.0,대형,15000,130000,2079000,520000.0,0,0,10000000.0,0,316.3411764705883,4451365
698,699,2021,타이칸 터보,포르쉐,전기,0.0,2.9,고속(전기),0.0,대형,15000,130000,2457000,520000.0,0,0,10000000.0,0,253.07294117647066,4415997
699,700,2022,타이칸 터보,포르쉐,전기,0.0,2.9,고속,0.0,대형,15000,130000,2331000,520000.0,0,0,10000000.0,0,300.5241176470589,4535435
700,701,2023,타이칸 터보,포르쉐,전기,0.0,2.9,5등급,0.0,대형,15000,130000,2142000,520000.0,0,0,10000000.0,0,316.3411764705883,4428247
701,702,2024,타이칸 터보,포르쉐,전기,0.0,2.9,5등급,0.0,대형,15000,130000,2079000,520000.0,0,0,10000000.0,0,316.3411764705883,4365247
702,703,2021,타이칸 터보 (5인승),포르쉐,전기,0.0,2.9,고속(전기),0.0,대형,15000,130000,2457000,520000.0,0,0,10000000.0,0,253.07294117647066,4415997
703,704,2022,타이칸 터보 (5인승),포르쉐,전기,0.0,2.9,고속,0.0,대형,15000,130000,2331000,520000.0,0,0,10000000.0,0,300.5241176470589,4535435
704,705,2023,타이칸 터보 (5인승),포르쉐,전기,0.0,2.9,5등급,0.0,대형,15000,130000,2142000,520000.0,0,0,10000000.0,0,316.3411764705883,4428247
705,706,2024,타이칸 터보 (5인승),포르쉐,전기,0.0,2.9,5등급,0.0,대형,15000,130000,2079000,520000.0,0,0,10000000.0,0,316.3411764705883,4365247
706,707,2021,타이칸 터보 S,포르쉐,전기,0.0,2.8,고속(전기),0.0,대형,15000,130000,2457000,520000.0,0,0,10000000.0,0,253.07294117647066,4462747
707,708,2022,타이칸 터보 S,포르쉐,전기,0.0,2.8,고속,0.0,대형,15000,130000,2331000,520000.0,0,0,10000000.0,0,300.5241176470589,4590950
708,709,2023,타이칸 터보 S,포르쉐,전기,0.0,2.8,5등급,0.0,대형,15000,130000,2142000,520000.0,0,0,10000000.0,0,316.3411764705883,4486684
709,710,2024,타이칸 터보 S,포르쉐,전기,0.0,2.845,5등급,0.0,대형,15000,130000,2079000,520000.0,0,0,10000000.0,0,316.3411764705883,4396879
710,711,2021,타이칸 터보 S (5인승),포르쉐,전기,0.0,2.8,고속(전기),0.0,대형,15000,130000,2457000,520000.0,0,0,10000000.0,0,253.07294117647066,4462747
711,712,2022,타이칸 터보 S (5인승),포르쉐,전기,0.0,2.8,고속,0.0,대형,15000,130000,2331000,520000.0,0,0,10000000.0,0,300.5241176470589,4590950
712,713,2023,타이칸 터보 S (5인승),포르쉐,전기,0.0,2.8,5등급,0.0,대형,15000,130000,2142000,520000.0,0,0,10000000.0,0,316.3411764705883,4486684
713,714,2024,타이칸 터보 S (5인승),포르쉐,전기,0.0,2.845,5등급,0.0,대형,15000,130000,2079000,520000.0,0,0,10000000.0,0,316.3411764705883,4396879
